<?xml version="1.0" encoding="gb2312"?> 
<!DOCTYPE hibernate-mapping PUBLIC "-//Hibernate/Hibernate Mapping DTD 3.0//EN" 
"http://hibernate.sourceforge.net/hibernate-mapping-3.0.dtd"> 
<hibernate-mapping > 
    <class name="book.com.cn.bean.Book" table="book" lazy="false"> 
        <id name="id" type="int" > 
            <generator class="identity"/>
        </id> 
        <property name="name" type="string"/> 
        <property name="author" type="string"/> 
        <property name="publisher" type="string"/>   
    </class> 
</hibernate-mapping> 
