<?xml version="1.0" encoding="gb2312"?> 
<!DOCTYPE hibernate-mapping PUBLIC "-//Hibernate/Hibernate Mapping DTD 3.0//EN" 
"http://hibernate.sourceforge.net/hibernate-mapping-3.0.dtd"> 
<hibernate-mapping > 
    <class name="book.com.cn.bean.User" table="user" lazy="false"> 
        <id name="id" type="integer" > 
            <generator class="identity"/>
        </id> 
        <property name="username" type="string"/> 
        <property name="password" type="string"/> 
         
    </class> 
    <!-- 
    
    <hibernate-configuration>

	<session-factory>
		<property name="dialect">
			org.hibernate.dialect.MySQLDialect
		</property>
		<property name="connection.url">
			jdbc:mysql://localhost:3306/guestbook
		</property>
		<property name="connection.username">root</property>
		<property name="connection.driver_class">
			com.mysql.jdbc.Driver
		</property>
		<property name="myeclipse.connection.profile">mysql</property>
		<mapping resource="luoyangshifan/com/dao/User.hbm.xml" />

	</session-factory>

</hibernate-configuration>
    
     -->
</hibernate-mapping> 
