<?xml version="1.0" encoding="gb2312" ?>
<!DOCTYPE struts PUBLIC
"-//Apache Software Foundation//DTD Struts Configuration 2.0//EN"
"http://struts.apache.org/dtds/struts-2.0.dtd">
<struts>
    <constant name="struts.i18n.encoding" value="GBK"></constant> 
    <package name="struts2"  extends="struts-default">
        <action name="showAllBook" class="book.com.cn.action.ShowAllBookAction">
            <result name="success">/showallbook.jsp</result>
            <result name="error">/bookerror.jsp</result>
        </action> 
        <action name="showPageBook" class="book.com.cn.action.ShowPageBookAction">
            <result name="success">/showpagebook.jsp</result>
            <result name="error">/bookerror.jsp</result>
        </action>
        <action name="deleteBook" class="book.com.cn.action.DeleteBookAction">
            <result name="success" type="redirect">showAllBook</result>
            <result name="error">/bookerror.jsp</result>
        </action>
        <action name="addBook" class="book.com.cn.action.AddBookAction">
            <result name="success" type="redirect">showAllBook</result>
            <result name="error">/bookerror.jsp</result>
          <result name="input">/addbook.jsp</result>
        </action>
        <action name="updateBook" class="book.com.cn.action.UpdateBookAction">
            <result name="success" type="redirect">showAllBook</result>
            <result name="error">/bookerror.jsp</result>
            <result name="input">/updatebook.jsp</result>
        </action>
        <action name="showBook" class="book.com.cn.action.ShowBookAction">
            <result name="success">/showbook.jsp</result>
            <result name="error">/bookerror.jsp</result>
        </action> 
        <action name="getBook" class="book.com.cn.action.ShowBookAction">
            <result name="success">/updatebook.jsp</result>
            <result name="error">/bookerror.jsp</result>
        </action> 
        <action name="login" class="book.com.cn.action.UserAction" method="login">
            <result name="success" type="redirect">showAllBook</result>
            <result name="input">/index.jsp</result>
        </action>
       
        <action name="addUser" class="book.com.cn.action.AddUserAction">
            <result name="success">index.jsp</result>
            <result name="error">/usererror.jsp</result>
          <result name="input">/registeruser.jsp</result>
        </action>
    </package>


</struts>

