-- MySQL dump 10.13  Distrib 5.7.11, for Win64 (x86_64)
--
-- Host: localhost    Database: weibo
-- ------------------------------------------------------
-- Server version	5.7.11

/*!40101 SET @OLD_CHARACTER_SET_CLIENT=@@CHARACTER_SET_CLIENT */;
/*!40101 SET @OLD_CHARACTER_SET_RESULTS=@@CHARACTER_SET_RESULTS */;
/*!40101 SET @OLD_COLLATION_CONNECTION=@@COLLATION_CONNECTION */;
/*!40101 SET NAMES utf8 */;
/*!40103 SET @OLD_TIME_ZONE=@@TIME_ZONE */;
/*!40103 SET TIME_ZONE='+00:00' */;
/*!40014 SET @OLD_UNIQUE_CHECKS=@@UNIQUE_CHECKS, UNIQUE_CHECKS=0 */;
/*!40014 SET @OLD_FOREIGN_KEY_CHECKS=@@FOREIGN_KEY_CHECKS, FOREIGN_KEY_CHECKS=0 */;
/*!40101 SET @OLD_SQL_MODE=@@SQL_MODE, SQL_MODE='NO_AUTO_VALUE_ON_ZERO' */;
/*!40111 SET @OLD_SQL_NOTES=@@SQL_NOTES, SQL_NOTES=0 */;

--
-- Table structure for table `wb_admin`
--

DROP TABLE IF EXISTS `wb_admin`;
/*!40101 SET @saved_cs_client     = @@character_set_client */;
/*!40101 SET character_set_client = utf8 */;
CREATE TABLE `wb_admin` (
  `id` int(11) NOT NULL AUTO_INCREMENT COMMENT '自增',
  `name` varchar(60) NOT NULL COMMENT '账号',
  `password` varchar(60) NOT NULL COMMENT '密码',
  `rids` varchar(60) NOT NULL COMMENT '角色id',
  PRIMARY KEY (`id`)
) ENGINE=MyISAM AUTO_INCREMENT=5 DEFAULT CHARSET=utf8 COMMENT='后台账户管理';
/*!40101 SET character_set_client = @saved_cs_client */;

--
-- Dumping data for table `wb_admin`
--

LOCK TABLES `wb_admin` WRITE;
/*!40000 ALTER TABLE `wb_admin` DISABLE KEYS */;
INSERT INTO `wb_admin` VALUES (1,'admin','21232f297a57a5a743894a0e4a801fc3','1'),(3,'test','4297f44b13955235245b2497399d7a93','2'),(4,'评论管理','4297f44b13955235245b2497399d7a93','3');
/*!40000 ALTER TABLE `wb_admin` ENABLE KEYS */;
UNLOCK TABLES;

--
-- Table structure for table `wb_assistinfo`
--

DROP TABLE IF EXISTS `wb_assistinfo`;
/*!40101 SET @saved_cs_client     = @@character_set_client */;
/*!40101 SET character_set_client = utf8 */;
CREATE TABLE `wb_assistinfo` (
  `aiid` int(11) NOT NULL AUTO_INCREMENT COMMENT '主键',
  `aPersonId` int(11) NOT NULL COMMENT '点赞人员的Id',
  `aToPersonId` int(11) NOT NULL COMMENT '被点赞的人员Id',
  `status` int(11) NOT NULL COMMENT '是否被阅读0：没有；1：被阅读',
  `aDate` varchar(60) NOT NULL COMMENT '点赞的时间',
  `aType` int(11) NOT NULL COMMENT '点赞的地点，0：发布的微博；1：评论',
  `aInfoId` int(11) NOT NULL COMMENT '点赞所在位置的主键',
  PRIMARY KEY (`aiid`)
) ENGINE=MyISAM AUTO_INCREMENT=170 DEFAULT CHARSET=utf8 COMMENT='点赞表';
/*!40101 SET character_set_client = @saved_cs_client */;

--
-- Dumping data for table `wb_assistinfo`
--

LOCK TABLES `wb_assistinfo` WRITE;
/*!40000 ALTER TABLE `wb_assistinfo` DISABLE KEYS */;
INSERT INTO `wb_assistinfo` VALUES (1,3,1,1,'1480131537',0,93),(2,3,1,1,'1480132079',0,92),(3,3,1,1,'1480132082',0,92),(22,3,1,1,'1480174837',1,16),(10,3,1,1,'1480139513',0,44),(9,3,1,1,'1480139511',0,44),(8,3,3,1,'1480134528',0,95),(20,3,3,1,'1480158059',1,166),(19,3,3,1,'1480158058',1,170),(25,3,1,1,'1480225972',0,104),(18,3,3,1,'1480158052',0,116),(26,3,1,1,'1480225972',0,104),(27,3,1,1,'1480246147',0,103),(28,3,1,1,'1480246152',0,103),(29,3,1,1,'1480246155',0,103),(30,3,1,1,'1480246178',0,103),(31,3,1,1,'1480246180',0,103),(33,3,3,1,'1480250183',0,129),(35,1,3,0,'1480343273',0,143),(45,1,1,1,'1480412856',0,144),(40,1,1,1,'1480398961',0,104),(64,1,3,0,'1480419836',1,188),(54,1,3,0,'1480419084',1,191),(53,1,3,0,'1480419068',1,192),(55,1,3,0,'1480419085',1,181),(70,1,1,1,'1480422119',1,196),(68,1,1,1,'1480421860',1,198),(65,1,3,0,'1480419839',1,121),(74,1,1,0,'1480429040',1,201),(90,1,4,0,'1480503813',0,148),(86,1,3,0,'1480432438',0,113),(72,1,3,0,'1480428550',0,146),(85,6,6,1,'1480432399',0,147),(80,4,6,1,'1480431770',0,147),(78,4,6,1,'1480431721',0,147),(79,4,3,0,'1480431736',0,146),(83,1,4,0,'1480432157',0,148),(82,1,4,0,'1480432102',0,148),(88,1,4,0,'1480432542',0,148),(89,1,4,0,'1480432649',0,148),(149,6,1000,0,'1480667101',0,155),(145,6,15,0,'1480657836',1,30),(146,6,1000,0,'1480666701',0,155),(94,6,6,0,'1480592898',0,164),(97,6,1000,0,'1480593055',1,6),(151,1004,1004,1,'1480681345',0,195),(152,1004,1004,1,'1480681347',0,194),(153,1004,1004,1,'1480681349',0,193),(154,1004,1004,1,'1480682700',0,199),(155,1004,1005,0,'1480687760',0,202),(156,1004,1005,0,'1480687762',0,203),(157,1004,1005,0,'1480687763',0,204),(158,1004,1005,0,'1480687765',0,205),(159,1004,1004,1,'1480687767',0,211),(164,1006,1004,1,'1480730683',0,212),(161,1004,1004,1,'1480687772',0,200),(162,1004,1004,1,'1480687775',0,198),(163,1004,1004,1,'1480687776',0,197),(165,1007,1000,0,'1480753320',0,191),(168,1008,1008,1,'1480816291',0,215),(169,1008,1008,0,'1480816357',0,216);
/*!40000 ALTER TABLE `wb_assistinfo` ENABLE KEYS */;
UNLOCK TABLES;

--
-- Table structure for table `wb_atinfo`
--

DROP TABLE IF EXISTS `wb_atinfo`;
/*!40101 SET @saved_cs_client     = @@character_set_client */;
/*!40101 SET character_set_client = utf8 */;
CREATE TABLE `wb_atinfo` (
  `aid` int(11) NOT NULL AUTO_INCREMENT COMMENT '@主键',
  `aPersonId` int(11) NOT NULL COMMENT '发起@的人员Id',
  `aInfoId` int(11) NOT NULL COMMENT '@信息所在位置的主键',
  `aDate` varchar(60) NOT NULL COMMENT '@时间',
  `aToPersonId` int(11) NOT NULL COMMENT '被@的人员Id',
  `status` int(11) NOT NULL COMMENT '是否被阅读0：没被阅读；1：被阅读',
  PRIMARY KEY (`aid`)
) ENGINE=MyISAM AUTO_INCREMENT=23 DEFAULT CHARSET=utf8 COMMENT='微博！信息';
/*!40101 SET character_set_client = @saved_cs_client */;

--
-- Dumping data for table `wb_atinfo`
--

LOCK TABLES `wb_atinfo` WRITE;
/*!40000 ALTER TABLE `wb_atinfo` DISABLE KEYS */;
INSERT INTO `wb_atinfo` VALUES (1,3,130,'1480299577',3,1),(2,3,130,'1480299916',3,1),(3,4,147,'1480431848',6,1),(4,1,144,'1480468091',1,0),(5,1,144,'1480468091',1,0),(6,1,144,'1480468120',1,0),(7,1,144,'1480468120',1,0),(8,1,144,'1480468156',1,0),(9,1,144,'1480468156',1,0),(10,6,155,'1480560706',1000,1),(11,6,155,'1480561050',1000,1),(12,1000,155,'1480561183',1000,1),(13,5,155,'1480571225',1000,1),(14,1002,155,'1480577111',1000,1),(15,6,164,'1480578380',6,1),(16,6,163,'1480593108',6,0),(17,6,170,'1480661877',6,0),(18,6,170,'1480661903',6,0),(19,6,170,'1480661912',6,0),(20,1004,202,'1480687749',1005,0),(21,1007,155,'1480751480',1000,0),(22,1008,214,'1480816338',1008,0);
/*!40000 ALTER TABLE `wb_atinfo` ENABLE KEYS */;
UNLOCK TABLES;

--
-- Table structure for table `wb_cinfo`
--

DROP TABLE IF EXISTS `wb_cinfo`;
/*!40101 SET @saved_cs_client     = @@character_set_client */;
/*!40101 SET character_set_client = utf8 */;
CREATE TABLE `wb_cinfo` (
  `cid` int(11) NOT NULL AUTO_INCREMENT COMMENT '主键',
  `cPersonId` int(11) NOT NULL COMMENT '评论人员ID',
  `cToId` int(11) NOT NULL COMMENT '被评论人员ID',
  `status` int(11) NOT NULL COMMENT '状态',
  `cDate` int(11) NOT NULL COMMENT '评论时间',
  `cType` int(11) NOT NULL COMMENT '评论的地点 0：发布微博 1：评论',
  `cInfoId` int(11) NOT NULL COMMENT '评论所在的位置',
  PRIMARY KEY (`cid`)
) ENGINE=MyISAM AUTO_INCREMENT=103 DEFAULT CHARSET=utf8 COMMENT='评论通知表单';
/*!40101 SET character_set_client = @saved_cs_client */;

--
-- Dumping data for table `wb_cinfo`
--

LOCK TABLES `wb_cinfo` WRITE;
/*!40000 ALTER TABLE `wb_cinfo` DISABLE KEYS */;
INSERT INTO `wb_cinfo` VALUES (3,3,1,1,1480160727,0,178),(2,3,3,1,1480158029,1,172),(4,3,1,1,1480160730,0,179),(5,3,1,1,1480160731,0,180),(6,3,1,1,1480160733,0,181),(7,3,3,1,1480162378,0,182),(8,3,1,1,1480168629,0,183),(9,3,1,1,1480168631,0,184),(10,3,1,1,1480168632,0,185),(11,3,1,1,1480168633,0,186),(12,3,1,1,1480168634,0,187),(13,3,1,1,1480168636,0,188),(14,3,1,1,1480168637,0,189),(15,3,1,1,1480168641,0,190),(16,3,1,1,1480169348,0,191),(17,3,3,1,1480169358,1,192),(18,3,3,1,1480169372,1,193),(19,3,1,1,1480169412,0,194),(20,3,3,1,1480255736,0,195),(99,1004,1004,1,1480682719,0,62),(22,1,3,1,1480301464,0,197),(23,1,1,1,1480301589,0,198),(24,1,3,0,1480343284,0,199),(25,1,3,0,1480422218,0,200),(100,1007,1000,0,1480753326,0,64),(27,6,6,1,1480431314,0,202),(28,4,6,1,1480431831,0,203),(29,1,1,0,1480495358,1,208),(30,1,4,0,1480495365,1,209),(31,1,4,0,1480495365,1,210),(32,1,4,0,1480495459,1,212),(33,1,4,0,1480495459,1,211),(34,1,1,0,1480495499,1,213),(35,1,4,0,1480495511,1,214),(36,1,4,0,1480495511,1,215),(37,1,4,0,1480495512,1,216),(38,1,1,0,1480495810,1,217),(39,6,6,1,1480565103,0,1),(40,1000,6,1,1480573573,0,2),(41,1000,6,1,1480573585,0,3),(44,1000,5,0,1480573763,0,6),(45,1000,1000,0,1480575023,0,7),(46,1000,1000,0,1480575264,0,8),(47,6,6,1,1480575509,0,9),(48,1000,1000,0,1480575544,1,10),(49,1000,1000,0,1480575554,0,11),(50,1000,6,1,1480575854,0,12),(51,1000,6,1,1480575992,0,13),(52,1000,6,1,1480576115,0,14),(53,6,6,1,1480576362,0,15),(54,6,1000,0,1480576368,1,16),(55,6,6,1,1480576557,1,17),(56,6,6,1,1480576731,1,18),(57,1002,6,1,1480576795,0,19),(58,1002,1000,0,1480576832,1,20),(59,6,1002,0,1480576837,1,21),(60,1002,1000,0,1480576850,1,22),(61,1002,1002,0,1480576956,0,23),(62,6,6,1,1480577014,1,24),(63,1002,1002,0,1480577085,0,25),(64,1002,1002,0,1480577095,1,26),(65,1002,1002,0,1480577132,0,27),(66,1002,1002,0,1480577141,1,28),(67,15,1000,0,1480577435,0,29),(68,15,1002,0,1480577489,1,30),(69,6,6,1,1480592767,0,31),(71,6,6,0,1480643370,0,34),(72,6,1000,0,1480657696,0,35),(73,6,6,0,1480657765,0,36),(74,6,1000,0,1480657798,0,37),(75,6,6,0,1480657797,0,38),(76,6,6,0,1480660884,0,39),(77,6,6,0,1480660903,1,40),(78,6,1000,0,1480661700,0,41),(79,6,1000,0,1480661781,0,42),(80,6,1000,0,1480661788,0,43),(81,6,1000,0,1480661842,0,44),(82,6,1000,0,1480665574,0,45),(83,6,1000,0,1480665742,0,46),(84,6,1000,0,1480665764,0,47),(85,6,1000,0,1480665809,0,48),(86,6,1000,0,1480665848,0,49),(87,6,1000,0,1480665905,0,50),(88,6,1000,0,1480665952,0,51),(89,6,1000,0,1480665999,0,52),(90,6,6,0,1480667303,0,53),(91,6,6,0,1480667436,0,54),(92,6,6,0,1480667527,0,55),(93,6,6,0,1480667571,0,56),(94,6,6,0,1480667710,0,57),(95,6,6,0,1480667762,0,58),(96,6,6,0,1480667771,1,59),(97,15,1002,0,1480667782,0,60),(98,15,6,0,1480667833,0,61),(101,1007,1004,1,1480753361,0,65),(102,1008,1008,0,1480816353,0,66);
/*!40000 ALTER TABLE `wb_cinfo` ENABLE KEYS */;
UNLOCK TABLES;

--
-- Table structure for table `wb_citycode`
--

DROP TABLE IF EXISTS `wb_citycode`;
/*!40101 SET @saved_cs_client     = @@character_set_client */;
/*!40101 SET character_set_client = utf8 */;
CREATE TABLE `wb_citycode` (
  `id` int(11) NOT NULL AUTO_INCREMENT COMMENT '主键',
  `code` int(11) NOT NULL COMMENT '行政区划代码',
  `name` varchar(60) NOT NULL COMMENT '名称',
  PRIMARY KEY (`id`)
) ENGINE=MyISAM AUTO_INCREMENT=3554 DEFAULT CHARSET=utf8 COMMENT='城市所在行政区划';
/*!40101 SET character_set_client = @saved_cs_client */;

--
-- Dumping data for table `wb_citycode`
--

LOCK TABLES `wb_citycode` WRITE;
/*!40000 ALTER TABLE `wb_citycode` DISABLE KEYS */;
INSERT INTO `wb_citycode` VALUES (1,340300,'蚌埠市'),(2,340400,'淮南市'),(3,340500,'马鞍山市'),(4,340600,'淮北市'),(5,340700,'铜陵市'),(6,340800,'安庆市'),(7,340801,'市辖区'),(8,340802,'迎江区'),(9,340803,'大观区'),(10,340811,'宜秀区'),(11,340822,'怀宁县'),(12,340823,'枞阳县'),(13,340824,'潜山县'),(14,340825,'太湖县'),(15,340826,'宿松县'),(16,340827,'望江县'),(17,340828,'岳西县'),(18,340881,'桐城市'),(19,341000,'黄山市'),(20,341001,'市辖区'),(21,341002,'屯溪区'),(22,341003,'黄山区'),(23,341004,'徽州区'),(24,341021,'歙县'),(25,341022,'休宁县'),(26,341023,'黟县'),(27,341024,'祁门县'),(28,341100,'滁州市'),(29,341101,'市辖区'),(30,341102,'琅琊区'),(31,341103,'南谯区'),(32,341122,'来安县'),(33,341124,'全椒县'),(34,341125,'定远县'),(35,341126,'凤阳县'),(36,341181,'天长市'),(37,341182,'明光市'),(38,341200,'阜阳市'),(39,341201,'市辖区'),(40,341202,'颍州区'),(41,341203,'颍东区'),(42,341204,'颍泉区'),(43,341221,'临泉县'),(44,341222,'太和县'),(45,341225,'阜南县'),(46,341226,'颍上县'),(47,341282,'界首市'),(48,341300,'宿州市'),(49,341301,'市辖区'),(50,341302,'墉桥区'),(51,341321,'砀山县'),(52,341322,'萧县'),(53,341323,'灵璧县'),(54,341324,'泗县'),(55,341400,'巢湖市'),(56,341402,'居巢区'),(57,341421,'庐江县'),(58,341422,'无为县'),(59,341423,'含山县'),(60,341424,'和县'),(61,341500,'六安市'),(62,341501,'市辖区'),(63,341502,'金安区'),(64,341503,'裕安区'),(65,341521,'寿县'),(66,341522,'霍邱县'),(67,341523,'舒城县'),(68,341524,'金寨县'),(69,341525,'霍山县'),(70,341600,'亳州市'),(71,341601,'市辖区'),(72,341602,'谯城区'),(73,341621,'涡阳县'),(74,341622,'蒙城县'),(75,341623,'利辛县'),(76,341700,'池州市'),(77,341701,'市辖区'),(78,341702,'贵池区'),(79,341721,'东至县'),(80,341722,'石台县'),(81,341723,'青阳县'),(82,341800,'宣城市'),(83,341801,'市辖区'),(84,341802,'宣州区'),(85,341821,'郎溪县'),(86,341822,'广德县'),(87,341823,'泾县'),(88,341824,'绩溪县'),(89,341825,'旌德县'),(90,341881,'宁国市'),(91,350000,'福建省'),(92,350100,'福州市'),(93,350101,'市辖区'),(94,350102,'鼓楼区'),(95,350103,'台江区'),(96,350104,'仓山区'),(97,350105,'马尾区'),(98,350111,'晋安区'),(99,350121,'闽侯县'),(100,350122,'连江县'),(101,350123,'罗源县'),(102,350124,'闽清县'),(103,350125,'永泰县'),(104,350128,'平潭县'),(105,350181,'福清市'),(106,350182,'长乐市'),(107,350200,'厦门市'),(108,350201,'市辖区'),(109,640306,'惠农县'),(110,640305,'陶乐县'),(111,640303,'石炭井区'),(112,442001,'市辖区'),(113,500300,'市'),(114,510300,'自贡市'),(115,350203,'思明区'),(116,350205,'海沧区'),(117,350206,'湖里区'),(118,350211,'集美区'),(119,350212,'同安区'),(120,350213,'翔安区'),(121,350300,'莆田市'),(122,350301,'市辖区'),(123,350302,'城厢区'),(124,350303,'涵江区'),(125,350305,'秀屿区'),(126,350304,'荔城区'),(127,350322,'仙游县'),(128,350400,'三明市'),(129,350401,'市辖区'),(130,350402,'梅列区'),(131,350403,'三元区'),(132,350421,'明溪县'),(133,350423,'清流县'),(134,350424,'宁化县'),(135,350425,'大田县'),(136,350426,'尤溪县'),(137,350427,'沙县'),(138,350428,'将乐县'),(139,350429,'泰宁县'),(140,654321,'布尔津县'),(141,654322,'富蕴县'),(142,654323,'福海县'),(143,654324,'哈巴河县'),(144,654325,'青河县'),(145,654326,'吉木乃县'),(146,654327,'北屯镇'),(147,659000,'省直辖行政单位'),(148,659001,'石河子市'),(149,659002,'阿拉尔市'),(150,659003,'图木舒克市'),(151,659004,'五家渠市'),(152,330000,'浙江省'),(153,330100,'杭州市'),(154,330101,'市辖区'),(155,330102,'上城区'),(156,330103,'下城区'),(157,330104,'江干区'),(158,330105,'拱墅区'),(159,330106,'西湖区'),(160,330108,'滨江区'),(161,330109,'萧山区'),(162,330110,'余杭区'),(163,330122,'桐庐县'),(164,330127,'淳安县'),(165,330182,'建德市'),(166,330183,'富阳市'),(167,330185,'临安市'),(168,330200,'宁波市'),(169,330201,'市辖区'),(170,330203,'海曙区'),(171,330204,'江东区'),(172,330205,'江北区'),(173,330206,'北仑区'),(174,330211,'镇海区'),(175,330212,'鄞州区'),(176,330225,'象山县'),(177,330226,'宁海县'),(178,330281,'余姚市'),(179,330282,'慈溪市'),(180,330283,'奉化市'),(181,330300,'温州市'),(182,330301,'市辖区'),(183,330302,'鹿城区'),(184,330303,'龙湾区'),(185,330304,'瓯海区'),(186,330322,'洞头县'),(187,330324,'永嘉县'),(188,330326,'平阳县'),(189,330327,'苍南县'),(190,330328,'文成县'),(191,330329,'泰顺县'),(192,330381,'瑞安市'),(193,330382,'乐清市'),(194,330400,'嘉兴市'),(195,330401,'市辖区'),(196,330402,'秀城区'),(197,330411,'秀洲区'),(198,330421,'嘉善县'),(199,330424,'海盐县'),(200,330481,'海宁市'),(201,330482,'平湖市'),(202,330483,'桐乡市'),(203,330500,'湖州市'),(204,330501,'市辖区'),(205,330502,'吴兴区'),(206,330503,'南浔区'),(207,330521,'德清县'),(208,330522,'长兴县'),(209,330523,'安吉县'),(210,330600,'绍兴市'),(211,330601,'市辖区'),(212,330602,'越城区'),(213,330621,'绍兴县'),(214,330624,'新昌县'),(215,330681,'诸暨市'),(216,330682,'上虞市'),(217,330683,'嵊州市'),(218,330700,'金华市'),(219,330701,'开发区'),(220,330702,'金华县'),(221,330703,'金东区'),(222,330723,'武义县'),(223,330726,'浦江县'),(224,330727,'磐安县'),(225,330781,'兰溪市'),(226,330782,'义乌市'),(227,330783,'东阳市'),(228,330784,'永康市'),(229,330800,'衢州市'),(230,330801,'市辖区'),(231,330802,'柯城区'),(232,330803,'衢江区'),(233,330822,'常山县'),(234,330824,'开化县'),(235,330825,'龙游县'),(236,330881,'江山市'),(237,330900,'舟山市'),(238,330901,'市辖区'),(239,330902,'定海区'),(240,330903,'普陀区'),(241,330921,'岱山县'),(242,330922,'嵊泗县'),(243,331000,'台州市'),(244,331001,'市辖区'),(245,331002,'椒江区'),(246,331003,'黄岩区'),(247,331004,'路桥区'),(248,331021,'玉环县'),(249,331022,'三门县'),(250,331023,'天台县'),(251,331024,'仙居县'),(252,331081,'温岭市'),(253,331082,'临海市'),(254,331100,'丽水市'),(255,331101,'市辖区'),(256,331102,'莲都区'),(257,331121,'青田县'),(258,331122,'缙云县'),(259,331123,'遂昌县'),(260,331124,'松阳县'),(261,331125,'云和县'),(262,331126,'庆元县'),(263,331127,'景宁畲族自治县'),(264,331181,'龙泉市'),(265,340000,'安徽省'),(266,340100,'合肥市'),(267,340101,'市辖区'),(268,340102,'瑶海区'),(269,340103,'庐阳区'),(270,340104,'蜀山区'),(271,340111,'包河区'),(272,340121,'长丰县'),(273,340122,'肥东县'),(274,350430,'建宁县'),(275,360881,'井冈山市'),(276,360900,'宜春市'),(277,360901,'市辖区'),(278,360902,'袁州区'),(279,360921,'奉新县'),(280,360922,'万载县'),(281,360923,'上高县'),(282,360924,'宜丰县'),(283,360925,'靖安县'),(284,360926,'铜鼓县'),(285,360981,'丰城市'),(286,360982,'樟树市'),(287,360983,'高安市'),(288,361000,'抚州市'),(289,361001,'市辖区'),(290,361002,'临川区'),(291,361021,'南城县'),(292,361022,'黎川县'),(293,361023,'南丰县'),(294,361024,'崇仁县'),(295,361025,'乐安县'),(296,361026,'宜黄县'),(297,361027,'金溪县'),(298,361028,'资溪县'),(299,361029,'东乡县'),(300,361030,'广昌县'),(301,361100,'上饶市'),(302,361101,'市辖区'),(303,361102,'信州区'),(304,361121,'上饶县'),(305,361122,'广丰县'),(306,361123,'玉山县'),(307,361124,'铅山县'),(308,361125,'横峰县'),(309,361126,'弋阳县'),(310,361127,'余干县'),(311,361128,'鄱阳县'),(312,361129,'万年县'),(313,361130,'婺源县'),(314,361181,'德兴市'),(315,370000,'山东省'),(316,370100,'济南市'),(317,370101,'市辖区'),(318,370102,'历下区'),(319,370103,'市中区'),(320,370104,'槐荫区'),(321,370105,'天桥区'),(322,370112,'历城区'),(323,370113,'长清区'),(324,370124,'平阴县'),(325,370125,'济阳县'),(326,370126,'商河县'),(327,370181,'章丘市'),(328,370200,'青岛市'),(329,370201,'市辖区'),(330,370202,'市南区'),(331,370203,'市北区'),(332,370205,'四方区'),(333,370211,'黄岛区'),(334,370212,'崂山区'),(335,370213,'李沧区'),(336,370214,'城阳区'),(337,370281,'胶州市'),(338,370282,'即墨市'),(339,370283,'平度市'),(340,370284,'胶南市'),(341,370285,'莱西市'),(342,370300,'淄博市'),(343,370301,'市辖区'),(344,370302,'淄川区'),(345,370303,'张店区'),(346,370304,'博山区'),(347,370305,'临淄区'),(348,370306,'周村区'),(349,370321,'桓台县'),(350,370322,'高青县'),(351,370323,'沂源县'),(352,370400,'枣庄市'),(353,370401,'市辖区'),(354,370402,'市中区'),(355,370403,'薛城区'),(356,370404,'峄城区'),(357,370405,'台儿庄区'),(358,370406,'山亭区'),(359,370481,'滕州市'),(360,350481,'永安市'),(361,350500,'泉州市'),(362,350501,'市辖区'),(363,350502,'鲤城区'),(364,350503,'丰泽区'),(365,350504,'洛江区'),(366,350505,'泉港区'),(367,350521,'惠安县'),(368,350524,'安溪县'),(369,350525,'永春县'),(370,350526,'德化县'),(371,350527,'金门县'),(372,350581,'石狮市'),(373,350582,'晋江市'),(374,350583,'南安市'),(375,350600,'漳州市'),(376,350601,'市辖区'),(377,350602,'芗城区'),(378,350603,'龙文区'),(379,350622,'云霄县'),(380,350623,'漳浦县'),(381,350624,'诏安县'),(382,350625,'长泰县'),(383,350626,'东山县'),(384,350627,'南靖县'),(385,350628,'平和县'),(386,350629,'华安县'),(387,350681,'龙海市'),(388,350700,'南平市'),(389,350701,'市辖区'),(390,350702,'延平区'),(391,350721,'顺昌县'),(392,350722,'浦城县'),(393,350723,'光泽县'),(394,350724,'松溪县'),(395,350725,'政和县'),(396,350781,'邵武市'),(397,350782,'武夷山市'),(398,350783,'建瓯市'),(399,350784,'建阳市'),(400,350800,'龙岩市'),(401,350801,'市辖区'),(402,350802,'新罗区'),(403,350821,'长汀县'),(404,350822,'永定县'),(405,350823,'上杭县'),(406,350824,'武平县'),(407,350825,'连城县'),(408,350881,'漳平市'),(409,350900,'宁德市'),(410,350901,'市辖区'),(411,350902,'蕉城区'),(412,350921,'霞浦县'),(413,350922,'古田县'),(414,350923,'屏南县'),(415,350924,'寿宁县'),(416,350925,'周宁县'),(417,350926,'柘荣县'),(418,350981,'福安市'),(419,350982,'福鼎市'),(420,360000,'江西省'),(421,360100,'南昌市'),(422,360101,'市辖区'),(423,360102,'东湖区'),(424,360103,'西湖区'),(425,360104,'青云谱区'),(426,360105,'湾里区'),(427,360111,'青山湖区'),(428,360121,'南昌县'),(429,360122,'新建县'),(430,360123,'安义县'),(431,360124,'进贤县'),(432,360200,'景德镇市'),(433,360201,'市辖区'),(434,360202,'昌江区'),(435,360203,'珠山区'),(436,360222,'浮梁县'),(437,360281,'乐平市'),(438,360300,'萍乡市'),(439,360301,'市辖区'),(440,360302,'安源区'),(441,360313,'湘东区'),(442,360323,'芦溪县'),(443,360322,'上栗县'),(444,360321,'莲花县'),(445,360400,'九江市'),(446,360401,'市辖区'),(447,360402,'庐山区'),(448,360403,'浔阳区'),(449,360421,'九江县'),(450,360423,'武宁县'),(451,360424,'修水县'),(452,360425,'永修县'),(453,360426,'德安县'),(454,360427,'星子县'),(455,360428,'都昌县'),(456,360429,'湖口县'),(457,360430,'彭泽县'),(458,360481,'瑞昌市'),(459,360500,'新余市'),(460,360501,'市辖区'),(461,360502,'渝水区'),(462,360521,'分宜县'),(463,360600,'鹰潭市'),(464,360601,'市辖区'),(465,360602,'月湖区'),(466,360622,'余江县'),(467,360681,'贵溪市'),(468,360700,'赣州市'),(469,360701,'市辖区'),(470,360702,'章贡区'),(471,360721,'赣县'),(472,360722,'信丰县'),(473,360723,'大余县'),(474,360724,'上犹县'),(475,360725,'崇义县'),(476,360726,'安远县'),(477,360727,'龙南县'),(478,360728,'定南县'),(479,360729,'全南县'),(480,360730,'宁都县'),(481,360731,'于都县'),(482,360732,'兴国县'),(483,360733,'会昌县'),(484,360734,'寻乌县'),(485,360735,'石城县'),(486,360781,'瑞金市'),(487,360782,'南康市'),(488,360800,'吉安市'),(489,360801,'市辖区'),(490,360802,'吉州区'),(491,360803,'青原区'),(492,360821,'吉安县'),(493,360822,'吉水县'),(494,360823,'峡江县'),(495,360824,'新干县'),(496,360825,'永丰县'),(497,360826,'泰和县'),(498,360827,'遂川县'),(499,360828,'万安县'),(500,360829,'安福县'),(501,360830,'永新县'),(502,370500,'东营市'),(503,370501,'市辖区'),(504,370502,'东营区'),(505,370503,'河口区'),(506,370521,'垦利县'),(507,370522,'利津县'),(508,370523,'广饶县'),(509,370600,'烟台市'),(510,370601,'市辖区'),(511,370602,'芝罘区'),(512,370611,'福山区'),(513,370612,'牟平区'),(514,370613,'莱山区'),(515,370634,'长岛县'),(516,370681,'龙口市'),(517,370682,'莱阳市'),(518,370683,'莱州市'),(519,370684,'蓬莱市'),(520,370685,'招远市'),(521,370686,'栖霞市'),(522,370687,'海阳市'),(523,370700,'潍坊市'),(524,370701,'市辖区'),(525,370702,'潍城区'),(526,370703,'寒亭区'),(527,370704,'坊子区'),(528,370705,'奎文区'),(529,370724,'临朐县'),(530,370725,'昌乐县'),(531,370781,'青州市'),(532,370782,'诸城市'),(533,370783,'寿光市'),(534,370784,'安丘市'),(535,370785,'高密市'),(536,370786,'昌邑市'),(537,370800,'济宁市'),(538,370801,'市辖区'),(539,370802,'市中区'),(540,370811,'任城区'),(541,370826,'微山县'),(542,370827,'鱼台县'),(543,370828,'金乡县'),(544,370829,'嘉祥县'),(545,370830,'汶上县'),(546,370831,'泗水县'),(547,370832,'梁山县'),(548,370881,'曲阜市'),(549,370882,'兖州市'),(550,370883,'邹城市'),(551,370900,'泰安市'),(552,370901,'市辖区'),(553,370902,'泰山区'),(554,370903,'岱岳区'),(555,370921,'宁阳县'),(556,370923,'东平县'),(557,370982,'新泰市'),(558,370983,'肥城市'),(559,371000,'威海市'),(560,371001,'市辖区'),(561,371002,'环翠区'),(562,371081,'文登市'),(563,371082,'荣成市'),(564,371083,'乳山市'),(565,371100,'日照市'),(566,371101,'市辖区'),(567,371102,'东港区'),(568,371103,'岚山区'),(569,371121,'五莲县'),(570,371122,'莒县'),(571,371200,'莱芜市'),(572,371201,'市辖区'),(573,371202,'莱城区'),(574,371203,'钢城区'),(575,371300,'临沂市'),(576,371301,'市辖区'),(577,371302,'兰山区'),(578,371311,'罗庄区'),(579,371312,'河东区'),(580,371321,'沂南县'),(581,371322,'郯城县'),(582,371323,'沂水县'),(583,371324,'苍山县'),(584,371325,'费县'),(585,371326,'平邑县'),(586,371327,'莒南县'),(587,620105,'安宁区'),(588,620111,'红古区'),(589,620121,'永登县'),(590,620122,'皋兰县'),(591,620123,'榆中县'),(592,620200,'嘉峪关市'),(593,620201,'市辖区'),(594,620300,'金昌市'),(595,620301,'市辖区'),(596,620302,'金川区'),(597,620321,'永昌县'),(598,620400,'白银市'),(599,620401,'市辖区'),(600,620402,'白银区'),(601,620403,'平川区'),(602,620421,'靖远县'),(603,620422,'会宁县'),(604,620423,'景泰县'),(605,620500,'天水市'),(606,620501,'市辖区'),(607,620502,'秦城区'),(608,620503,'北道区'),(609,620521,'清水县'),(610,620522,'秦安县'),(611,620523,'甘谷县'),(612,620524,'武山县'),(613,110200,'县'),(614,220623,'长白朝鲜族自治县'),(615,220625,'江源县'),(616,542129,'芒康县'),(617,710000,'台湾省'),(618,810000,'香港特别行政区'),(619,820000,'澳门特别行政区'),(620,130101,'市辖区'),(621,150601,'市辖区'),(622,211121,'大洼县'),(623,211122,'盘山县'),(624,220605,'江源区'),(625,230110,'香坊区'),(626,230112,'阿城区'),(627,320312,'铜山区'),(628,320612,'通州区'),(629,340208,'三山区'),(630,341401,'市辖区'),(631,360482,'共青城市'),(632,370911,'岱岳区'),(633,419000,'省直辖县级行政区划'),(634,419001,'济源市'),(635,421303,'曾都区'),(636,421321,'随县'),(637,421381,'广水市'),(638,440101,'市辖区'),(639,440205,'曲江区'),(640,440224,'仁化县'),(641,440229,'翁源县'),(642,440232,'乳源瑶族自治县'),(643,440281,'乐昌市'),(644,441200,'肇庆市'),(645,441201,'市辖区'),(646,441202,'端州区'),(647,441203,'鼎湖区'),(648,441223,'广宁县'),(649,441224,'怀集县'),(650,441225,'封开县'),(651,441226,'德庆县'),(652,441283,'高要市'),(653,441284,'四会市'),(654,441481,'兴宁市'),(655,450924,'兴业县'),(656,451119,'平桂管理区'),(657,469021,'定安县'),(658,469022,'屯昌县'),(659,469023,'澄迈县'),(660,469024,'临高县'),(661,469029,'保亭黎族苗族自治县'),(662,469032,'南沙群岛'),(663,500116,'江津区'),(664,500117,'合川区'),(665,500118,'永川区'),(666,500119,'南川区'),(667,510114,'新都区'),(668,510115,'温江区'),(669,510301,'市辖区'),(670,510801,'市辖区'),(671,510901,'市辖区'),(672,511601,'市辖区'),(673,520303,'汇川区'),(674,532503,'蒙自市'),(675,640502,'沙坡头区'),(676,371328,'蒙阴县'),(677,610112,'未央区'),(678,610113,'雁塔区'),(679,610114,'阎良区'),(680,610115,'临潼区'),(681,610116,'长安区'),(682,610122,'蓝田县'),(683,610124,'周至县'),(684,610125,'户县'),(685,610126,'高陵县'),(686,610200,'铜川市'),(687,610201,'市辖区'),(688,610202,'王益区'),(689,610203,'印台区'),(690,610204,'耀州区'),(691,610222,'宜君县'),(692,610300,'宝鸡市'),(693,610301,'市辖区'),(694,610302,'渭滨区'),(695,610303,'金台区'),(696,610304,'陈仓区'),(697,610322,'凤翔县'),(698,610323,'岐山县'),(699,610324,'扶风县'),(700,610326,'眉县'),(701,610327,'陇县'),(702,610328,'千阳县'),(703,610329,'麟游县'),(704,610330,'凤县'),(705,610331,'太白县'),(706,610400,'咸阳市'),(707,610401,'市辖区'),(708,610402,'秦都区'),(709,610403,'杨凌区'),(710,610404,'渭城区'),(711,610422,'三原县'),(712,610423,'泾阳县'),(713,610424,'乾县'),(714,610425,'礼泉县'),(715,610426,'永寿县'),(716,610427,'彬县'),(717,610428,'长武县'),(718,610429,'旬邑县'),(719,610430,'淳化县'),(720,610431,'武功县'),(721,610481,'兴平市'),(722,610500,'渭南市'),(723,610501,'市辖区'),(724,610502,'临渭区'),(725,610521,'华县'),(726,610522,'潼关县'),(727,610523,'大荔县'),(728,610524,'合阳县'),(729,610525,'澄城县'),(730,610526,'蒲城县'),(731,610527,'白水县'),(732,610528,'富平县'),(733,610581,'韩城市'),(734,610582,'华阴市'),(735,610600,'延安市'),(736,610601,'市辖区'),(737,610602,'宝塔区'),(738,610621,'延长县'),(739,610622,'延川县'),(740,610623,'子长县'),(741,610624,'安塞县'),(742,610625,'志丹县'),(743,610626,'吴旗县'),(744,610627,'甘泉县'),(745,610628,'富县'),(746,610629,'洛川县'),(747,610630,'宜川县'),(748,610631,'黄龙县'),(749,610632,'黄陵县'),(750,610700,'汉中市'),(751,610701,'市辖区'),(752,610702,'汉台区'),(753,610721,'南郑县'),(754,610722,'城固县'),(755,610723,'洋县'),(756,610724,'西乡县'),(757,610725,'勉县'),(758,610726,'宁强县'),(759,610727,'略阳县'),(760,610728,'镇巴县'),(761,610729,'留坝县'),(762,610730,'佛坪县'),(763,610800,'榆林市'),(764,610801,'市辖区'),(765,610802,'榆阳区'),(766,610821,'神木县'),(767,610822,'府谷县'),(768,610823,'横山县'),(769,610824,'靖边县'),(770,610825,'定边县'),(771,610826,'绥德县'),(772,610827,'米脂县'),(773,610828,'佳县'),(774,610829,'吴堡县'),(775,610830,'清涧县'),(776,610831,'子洲县'),(777,610900,'安康市'),(778,610901,'市辖区'),(779,610902,'汉滨区'),(780,610921,'汉阴县'),(781,610922,'石泉县'),(782,610923,'宁陕县'),(783,610924,'紫阳县'),(784,610925,'岚皋县'),(785,610926,'平利县'),(786,610927,'镇坪县'),(787,610928,'旬阳县'),(788,610929,'白河县'),(789,611000,'商洛市'),(790,611001,'市辖区'),(791,611002,'商州区'),(792,611021,'洛南县'),(793,611022,'丹凤县'),(794,611023,'商南县'),(795,611024,'山阳县'),(796,611025,'镇安县'),(797,611026,'柞水县'),(798,620000,'甘肃省'),(799,620100,'兰州市'),(800,620101,'市辖区'),(801,620102,'城关区'),(802,620103,'七里河区'),(803,620104,'西固区'),(804,410822,'博爱县'),(805,410823,'武陟县'),(806,410825,'温县'),(807,410882,'沁阳市'),(808,371329,'临沭县'),(809,410883,'孟州市'),(810,410900,'濮阳市'),(811,410901,'市辖区'),(812,371400,'德州市'),(813,371401,'市辖区'),(814,371402,'德城区'),(815,371421,'陵县'),(816,410902,'华龙区'),(817,410922,'清丰县'),(818,410923,'南乐县'),(819,410926,'范县'),(820,410927,'台前县'),(821,410928,'濮阳县'),(822,411000,'许昌市'),(823,411001,'市辖区'),(824,411002,'魏都区'),(825,411023,'许昌县'),(826,411024,'鄢陵县'),(827,411025,'襄城县'),(828,411081,'禹州市'),(829,411082,'长葛市'),(830,411100,'漯河市'),(831,411101,'市辖区'),(832,411102,'源汇区'),(833,411103,'郾城区'),(834,411104,'召陵区'),(835,411121,'舞阳县'),(836,411122,'临颍县'),(837,411200,'三门峡市'),(838,411201,'市辖区'),(839,411202,'湖滨区'),(840,411221,'渑池县'),(841,411222,'陕县'),(842,411224,'卢氏县'),(843,411281,'义马市'),(844,411282,'灵宝市'),(845,411300,'南阳市'),(846,411301,'市辖区'),(847,411302,'宛城区'),(848,411303,'卧龙区'),(849,411321,'南召县'),(850,411322,'方城县'),(851,411323,'西峡县'),(852,411324,'镇平县'),(853,411325,'内乡县'),(854,411326,'淅川县'),(855,411327,'社旗县'),(856,411328,'唐河县'),(857,411329,'新野县'),(858,411330,'桐柏县'),(859,411381,'邓州市'),(860,411382,'河南油田'),(861,411400,'商丘市'),(862,411401,'市辖区'),(863,411402,'梁园区'),(864,411403,'睢阳区'),(865,411421,'民权县'),(866,411422,'睢县'),(867,411423,'宁陵县'),(868,411424,'柘城县'),(869,411425,'虞城县'),(870,411426,'夏邑县'),(871,411481,'永城市'),(872,411500,'信阳市'),(873,411501,'市辖区'),(874,411502,'师河区'),(875,411503,'平桥区'),(876,411521,'罗山县'),(877,411522,'光山县'),(878,411523,'新县'),(879,411524,'商城县'),(880,411525,'固始县'),(881,411526,'潢川县'),(882,411527,'淮滨县'),(883,411528,'息县'),(884,411600,'周口市'),(885,411601,'市辖区'),(886,411602,'川汇区'),(887,411621,'扶沟县'),(888,411622,'西华县'),(889,411623,'商水县'),(890,411624,'沈丘县'),(891,411625,'郸城县'),(892,411626,'淮阳县'),(893,411627,'太康县'),(894,411628,'鹿邑县'),(895,411681,'项城市'),(896,411700,'驻马店市'),(897,411701,'市辖区'),(898,411702,'驿城区'),(899,411721,'西平县'),(900,411722,'上蔡县'),(901,411723,'平舆县'),(902,411724,'正阳县'),(903,411725,'确山县'),(904,411726,'泌阳县'),(905,411727,'汝南县'),(906,411728,'遂平县'),(907,411729,'新蔡县'),(908,420000,'湖北省'),(909,420100,'武汉市'),(910,420101,'市辖区'),(911,420102,'江岸区'),(912,420103,'江汉区'),(913,420104,'乔口区'),(914,420105,'汉阳区'),(915,420106,'武昌区'),(916,420107,'青山区'),(917,420111,'洪山区'),(918,420112,'东西湖区'),(919,420113,'汉南区'),(920,420118,'武汉市经济开发区'),(921,420119,'东湖技术开发区'),(922,420114,'蔡甸区'),(923,420115,'江夏区'),(924,420116,'黄陂区'),(925,420117,'新洲区'),(926,420200,'黄石市'),(927,420201,'市辖区'),(928,420202,'黄石港区'),(929,420203,'西塞山区'),(930,420204,'下陆区'),(931,420205,'铁山区'),(932,420222,'阳新县'),(933,420281,'大冶市'),(934,420300,'十堰市'),(935,420301,'市辖区'),(936,420302,'茅箭区'),(937,420303,'张湾区'),(938,420321,'郧县'),(939,420322,'郧西县'),(940,420323,'竹山县'),(941,420324,'竹溪县'),(942,420325,'房县'),(943,420381,'丹江口市'),(944,420500,'宜昌市'),(945,420501,'市辖区'),(946,420502,'西陵区'),(947,420503,'伍家岗区'),(948,420504,'点军区'),(949,420505,'虎亭区'),(950,420506,'夷陵区'),(951,420525,'远安县'),(952,420526,'兴山县'),(953,420527,'秭归县'),(954,420528,'长阳土家族自治县'),(955,420529,'五峰土家族自治县'),(956,420581,'宜都市'),(957,420582,'当阳市'),(958,420583,'枝江市'),(959,420600,'襄樊市'),(960,420601,'市辖区'),(961,420602,'襄城区'),(962,420606,'樊城区'),(963,420607,'襄阳区'),(964,420685,'高新技术开发区'),(965,420686,'汽车产业开发区'),(966,420624,'南漳县'),(967,420625,'谷城县'),(968,420626,'保康县'),(969,420682,'老河口市'),(970,420683,'枣阳市'),(971,420684,'宜城市'),(972,420700,'鄂州市'),(973,420701,'市辖区'),(974,420702,'梁子湖区'),(975,420703,'华容区'),(976,420704,'鄂城区'),(977,420800,'荆门市'),(978,420801,'市辖区'),(979,420802,'东宝区'),(980,420804,'掇刀区'),(981,420821,'京山县'),(982,420822,'沙洋县'),(983,371422,'宁津县'),(984,371423,'庆云县'),(985,371424,'临邑县'),(986,371425,'齐河县'),(987,371426,'平原县'),(988,371427,'夏津县'),(989,371428,'武城县'),(990,371481,'乐陵市'),(991,371482,'禹城市'),(992,371500,'聊城市'),(993,371501,'市辖区'),(994,371502,'东昌府区'),(995,371521,'阳谷县'),(996,371522,'莘县'),(997,371523,'茌平县'),(998,371524,'东阿县'),(999,371525,'冠县'),(1000,371526,'高唐县'),(1001,371581,'临清市'),(1002,371600,'滨州市'),(1003,371601,'市辖区'),(1004,371602,'滨城区'),(1005,371621,'惠民县'),(1006,371622,'阳信县'),(1007,371623,'无棣县'),(1008,371624,'沾化县'),(1009,371625,'博兴县'),(1010,371626,'邹平县'),(1011,371700,'荷泽市'),(1012,371701,'市辖区'),(1013,371702,'牡丹区'),(1014,371721,'曹县'),(1015,371722,'单县'),(1016,371723,'成武县'),(1017,371724,'巨野县'),(1018,371725,'郓城县'),(1019,371726,'鄄城县'),(1020,371727,'定陶县'),(1021,371728,'东明县'),(1022,410000,'河南省'),(1023,410100,'郑州市'),(1024,410101,'市辖区'),(1025,410102,'中原区'),(1026,410103,'二七区'),(1027,410104,'管城回族区'),(1028,410105,'金水区'),(1029,410106,'上街区'),(1030,410108,'邙山区'),(1031,410122,'中牟县'),(1032,410181,'巩义市'),(1033,410182,'荥阳市'),(1034,410183,'新密市'),(1035,410184,'新郑市'),(1036,410185,'登封市'),(1037,410881,'济源市'),(1038,410200,'开封市'),(1039,410201,'市辖区'),(1040,410202,'龙亭区'),(1041,410203,'顺河回族区'),(1042,410204,'鼓楼区'),(1043,410205,'南关区'),(1044,410211,'郊区'),(1045,410221,'杞县'),(1046,410222,'通许县'),(1047,410223,'尉氏县'),(1048,410224,'开封县'),(1049,410225,'兰考县'),(1050,410300,'洛阳市'),(1051,410301,'市辖区'),(1052,410302,'老城区'),(1053,410303,'西工区'),(1054,410304,'廛河回族区'),(1055,410305,'涧西区'),(1056,410306,'吉利区'),(1057,410311,'洛龙区'),(1058,410322,'孟津县'),(1059,410323,'新安县'),(1060,410324,'栾川县'),(1061,410325,'嵩县'),(1062,410326,'汝阳县'),(1063,410327,'宜阳县'),(1064,410328,'洛宁县'),(1065,410329,'伊川县'),(1066,410381,'偃师市'),(1067,410400,'平顶山市'),(1068,410401,'市辖区'),(1069,410402,'新华区'),(1070,410403,'卫东区'),(1071,410404,'石龙区'),(1072,410411,'湛河区'),(1073,410481,'宝丰县'),(1074,410422,'叶县'),(1075,410421,'鲁山县'),(1076,410423,'郏县'),(1077,410425,'舞钢市'),(1078,410482,'汝州市'),(1079,410500,'安阳市'),(1080,410501,'市辖区'),(1081,410502,'文峰区'),(1082,410503,'北关区'),(1083,410505,'殷都区'),(1084,410506,'龙安区'),(1085,410522,'安阳县'),(1086,410523,'汤阴县'),(1087,410526,'滑县'),(1088,410527,'内黄县'),(1089,410581,'林州市'),(1090,410600,'鹤壁市'),(1091,410601,'市辖区'),(1092,410602,'鹤山区'),(1093,410603,'山城区'),(1094,410611,'淇滨区'),(1095,410621,'浚县'),(1096,410700,'新乡市'),(1097,410701,'市辖区'),(1098,410702,'红旗区'),(1099,410703,'卫滨区'),(1100,410704,'凤泉区'),(1101,410711,'牧野区'),(1102,410721,'新乡县'),(1103,410724,'获嘉县'),(1104,410725,'原阳县'),(1105,410726,'延津县'),(1106,410727,'封丘县'),(1107,410728,'长垣县'),(1108,410781,'卫辉市'),(1109,410782,'辉县市'),(1110,410800,'焦作市'),(1111,410801,'市辖区'),(1112,410802,'解放区'),(1113,410803,'中站区'),(1114,410804,'马村区'),(1115,410811,'山阳区'),(1116,410821,'修武县'),(1117,420881,'钟祥市'),(1118,420900,'孝感市'),(1119,420901,'市辖区'),(1120,420902,'孝南区'),(1121,420921,'孝昌县'),(1122,420922,'大悟县'),(1123,420923,'云梦县'),(1124,420981,'应城市'),(1125,420982,'安陆市'),(1126,420984,'汉川市'),(1127,421000,'荆州市'),(1128,421001,'市辖区'),(1129,421002,'沙市区'),(1130,421003,'荆州区'),(1131,421022,'公安县'),(1132,421023,'监利县'),(1133,421024,'江陵县'),(1134,421081,'石首市'),(1135,421083,'洪湖市'),(1136,421087,'松滋市'),(1137,421100,'黄冈市'),(1138,421101,'市辖区'),(1139,421102,'黄州区'),(1140,421121,'团风县'),(1141,421122,'红安县'),(1142,421123,'罗田县'),(1143,421124,'英山县'),(1144,421125,'浠水县'),(1145,421126,'蕲春县'),(1146,421127,'黄梅县'),(1147,421181,'麻城市'),(1148,421182,'武穴市'),(1149,421200,'咸宁市'),(1150,421201,'市辖区'),(1151,421202,'咸安区'),(1152,421221,'嘉鱼县'),(1153,421222,'通城县'),(1154,421223,'崇阳县'),(1155,421224,'通山县'),(1156,421281,'赤壁市'),(1157,421300,'随州市'),(1158,421301,'市辖区'),(1159,421302,'曾都区'),(1160,421380,'广水市'),(1161,422800,'恩施土家族苗族自治州'),(1162,422801,'恩施市'),(1163,422802,'利川市'),(1164,422822,'建始县'),(1165,422823,'巴东县'),(1166,422825,'宣恩县'),(1167,422826,'咸丰县'),(1168,422827,'来凤县'),(1169,422828,'鹤峰县'),(1170,429000,'省直辖行政单位'),(1171,429004,'仙桃市'),(1172,429005,'潜江市'),(1173,429006,'天门市'),(1174,429021,'神农架林区'),(1175,430000,'湖南省'),(1176,430100,'长沙市'),(1177,430101,'市辖区'),(1178,430102,'芙蓉区'),(1179,430103,'天心区'),(1180,430104,'岳麓区'),(1181,430105,'开福区'),(1182,430111,'雨花区'),(1183,430121,'长沙县'),(1184,430122,'望城县'),(1185,430124,'宁乡县'),(1186,430181,'浏阳市'),(1187,430200,'株洲市'),(1188,430201,'市辖区'),(1189,430202,'荷塘区'),(1190,430203,'芦淞区'),(1191,430204,'石峰区'),(1192,430211,'天元区'),(1193,430221,'株洲县'),(1194,430223,'攸县'),(1195,430224,'茶陵县'),(1196,430225,'炎陵县'),(1197,430281,'醴陵市'),(1198,430300,'湘潭市'),(1199,430301,'市辖区'),(1200,430302,'雨湖区'),(1201,430304,'岳塘区'),(1202,430321,'湘潭县'),(1203,430381,'湘乡市'),(1204,430382,'韶山市'),(1205,430400,'衡阳市'),(1206,430401,'市辖区'),(1207,430405,'珠晖区'),(1208,430406,'雁峰区'),(1209,430407,'石鼓区'),(1210,430408,'蒸湘区'),(1211,430412,'南岳区'),(1212,430421,'衡阳县'),(1213,430422,'衡南县'),(1214,430423,'衡山县'),(1215,430424,'衡东县'),(1216,430426,'祁东县'),(1217,430481,'耒阳市'),(1218,430482,'常宁市'),(1219,430500,'邵阳市'),(1220,430501,'市辖区'),(1221,430502,'双清区'),(1222,430503,'大祥区'),(1223,430511,'北塔区'),(1224,430521,'邵东县'),(1225,430522,'新邵县'),(1226,430523,'邵阳县'),(1227,430524,'隆回县'),(1228,430525,'洞口县'),(1229,430527,'绥宁县'),(1230,430528,'新宁县'),(1231,430529,'城步苗族自治县'),(1232,430581,'武冈市'),(1233,430600,'岳阳市'),(1234,430601,'市辖区'),(1235,430602,'岳阳楼区'),(1236,430603,'云溪区'),(1237,430611,'君山区'),(1238,430621,'岳阳县'),(1239,430623,'华容县'),(1240,430624,'湘阴县'),(1241,430626,'平江县'),(1242,430681,'汨罗市'),(1243,430682,'临湘市'),(1244,430700,'常德市'),(1245,430701,'市辖区'),(1246,430702,'武陵区'),(1247,430703,'鼎城区'),(1248,430721,'安乡县'),(1249,430722,'汉寿县'),(1250,430723,'澧县'),(1251,430724,'临澧县'),(1252,430725,'桃源县'),(1253,430726,'石门县'),(1254,430781,'津市市'),(1255,430800,'张家界市'),(1256,430801,'市辖区'),(1257,430802,'永定区'),(1258,430811,'武陵源区'),(1259,430821,'慈利县'),(1260,430822,'桑植县'),(1261,430900,'益阳市'),(1262,430901,'市辖区'),(1263,430902,'资阳区'),(1264,430903,'赫山区'),(1265,430921,'南县'),(1266,430922,'桃江县'),(1267,430923,'安化县'),(1268,430981,'沅江市'),(1269,431000,'郴州市'),(1270,431001,'市辖区'),(1271,431002,'北湖区'),(1272,431003,'苏仙区'),(1273,431021,'桂阳县'),(1274,431022,'宜章县'),(1275,431023,'永兴县'),(1276,431024,'嘉禾县'),(1277,431025,'临武县'),(1278,431026,'汝城县'),(1279,431027,'桂东县'),(1280,431028,'安仁县'),(1281,431081,'资兴市'),(1282,431100,'永州市'),(1283,431101,'市辖区'),(1284,431102,'芝山区'),(1285,431103,'冷水滩区'),(1286,431121,'祁阳县'),(1287,431122,'东安县'),(1288,431123,'双牌县'),(1289,431124,'道县'),(1290,431125,'江永县'),(1291,431126,'宁远县'),(1292,431127,'蓝山县'),(1293,431128,'新田县'),(1294,431129,'江华瑶族自治县'),(1295,431200,'怀化市'),(1296,431201,'市辖区'),(1297,431202,'鹤城区'),(1298,431221,'中方县'),(1299,431222,'沅陵县'),(1300,431223,'辰溪县'),(1301,431224,'溆浦县'),(1302,431225,'会同县'),(1303,431226,'麻阳苗族自治县'),(1304,431227,'新晃侗族自治县'),(1305,431228,'芷江侗族自治县'),(1306,431229,'靖州苗族侗族自治县'),(1307,431230,'通道侗族自治县'),(1308,431281,'洪江市'),(1309,431300,'娄底市'),(1310,431301,'市辖区'),(1311,431302,'娄星区'),(1312,431321,'双峰县'),(1313,431322,'新化县'),(1314,431381,'冷水江市'),(1315,431382,'涟源市'),(1316,433100,'湘西土家族苗族自治州'),(1317,433101,'吉首市'),(1318,433122,'泸溪县'),(1319,433123,'凤凰县'),(1320,433124,'花垣县'),(1321,433125,'保靖县'),(1322,433126,'古丈县'),(1323,433127,'永顺县'),(1324,433130,'龙山县'),(1325,440000,'广东省'),(1326,440100,'广州市'),(1327,440104,'越秀区'),(1328,440103,'荔湾区'),(1329,440105,'海珠区'),(1330,440106,'天河区'),(1331,440111,'白云区'),(1332,440112,'黄埔区'),(1333,440113,'番禺区'),(1334,440114,'花都区'),(1335,440116,'萝岗区'),(1336,440115,'南沙区'),(1337,440183,'增城市'),(1338,440184,'从化市'),(1339,440200,'韶关市'),(1340,440201,'市辖区'),(1341,440203,'武江区'),(1342,440204,'浈江区'),(1343,440222,'曲江区'),(1344,440223,'始兴县'),(1345,440225,'仁化县'),(1346,440230,'翁源县'),(1347,440233,'乳源瑶族自治县'),(1348,440234,'新丰县'),(1349,440282,'乐昌市'),(1350,440283,'南雄市'),(1351,440300,'深圳市'),(1352,440301,'市辖区'),(1353,440303,'罗湖区'),(1354,440304,'福田区'),(1355,440305,'南山区'),(1356,440306,'宝安区'),(1357,440307,'龙岗区'),(1358,440308,'盐田区'),(1359,440400,'珠海市'),(1360,440401,'市辖区'),(1361,440402,'香洲区'),(1362,440403,'斗门区'),(1363,440404,'金湾区'),(1364,440500,'汕头市'),(1365,440501,'市辖区'),(1366,440507,'龙湖区'),(1367,440511,'金平区'),(1368,440512,'濠江区'),(1369,440513,'潮阳区'),(1370,440514,'潮南区'),(1371,440515,'澄海区'),(1372,440523,'南澳县'),(1373,440600,'佛山市'),(1374,410622,'淇县'),(1375,440601,'市辖区'),(1376,440604,'禅城区'),(1377,440605,'南海区'),(1378,440606,'顺德区'),(1379,440607,'三水区'),(1380,440608,'高明区'),(1381,440700,'江门市'),(1382,440701,'市辖区'),(1383,440703,'蓬江区'),(1384,440704,'江海区'),(1385,440705,'新会区'),(1386,440781,'台山市'),(1387,440783,'开平市'),(1388,440784,'鹤山市'),(1389,440785,'恩平市'),(1390,440800,'湛江市'),(1391,440801,'市辖区'),(1392,440802,'赤坎区'),(1393,440803,'霞山区'),(1394,440804,'坡头区'),(1395,440811,'麻章区'),(1396,440823,'遂溪县'),(1397,440825,'徐闻县'),(1398,440881,'廉江市'),(1399,440882,'雷州市'),(1400,440883,'吴川市'),(1401,440900,'茂名市'),(1402,440901,'市辖区'),(1403,440902,'茂南区'),(1404,440903,'茂港区'),(1405,440923,'电白县'),(1406,440981,'高州市'),(1407,440982,'化州市'),(1408,440983,'信宜市'),(1409,442800,'肇庆市'),(1410,442809,'市辖区'),(1411,442807,'端州区'),(1412,442808,'鼎湖区'),(1413,442803,'广宁县'),(1414,442804,'怀集县'),(1415,442805,'封开县'),(1416,442806,'德庆县'),(1417,442801,'高要市'),(1418,442802,'四会市'),(1419,441300,'惠州市'),(1420,441301,'市辖区'),(1421,441302,'惠城区'),(1422,441303,'惠阳区'),(1423,441322,'博罗县'),(1424,441323,'惠东县'),(1425,441324,'龙门县'),(1426,441400,'梅州市'),(1427,441401,'市辖区'),(1428,441402,'梅江区'),(1429,441421,'梅县'),(1430,441422,'大埔县'),(1431,441423,'丰顺县'),(1432,441424,'五华县'),(1433,441426,'平远县'),(1434,441427,'蕉岭县'),(1435,441425,'兴宁市'),(1436,441500,'汕尾市'),(1437,441501,'市辖区'),(1438,441502,'城区'),(1439,441521,'海丰县'),(1440,441523,'陆河县'),(1441,441581,'陆丰市'),(1442,441600,'河源市'),(1443,441601,'市辖区'),(1444,441602,'源城区'),(1445,441621,'紫金县'),(1446,441622,'龙川县'),(1447,441623,'连平县'),(1448,441624,'和平县'),(1449,441625,'东源县'),(1450,441700,'阳江市'),(1451,441701,'市辖区'),(1452,441733,'海陵区'),(1453,441702,'江城区'),(1454,441721,'阳西县'),(1455,441723,'阳东县'),(1456,441781,'阳春市'),(1457,441800,'清远市'),(1458,441801,'市辖区'),(1459,441802,'清城区'),(1460,441821,'佛冈县'),(1461,441823,'阳山县'),(1462,441825,'连山壮族瑶族自治县'),(1463,441826,'连南瑶族自治县'),(1464,441827,'清新县'),(1465,441881,'英德市'),(1466,441882,'连州市'),(1467,441900,'东莞市'),(1468,442000,'中山市'),(1469,445100,'潮州市'),(1470,445101,'市辖区'),(1471,445102,'湘桥区'),(1472,445121,'潮安县'),(1473,445122,'饶平县'),(1474,445200,'揭阳市'),(1475,445201,'市辖区'),(1476,445202,'榕城区'),(1477,445221,'揭东县'),(1478,445222,'揭西县'),(1479,445224,'惠来县'),(1480,445281,'普宁市'),(1481,445300,'云浮市'),(1482,445301,'市辖区'),(1483,445302,'云城区'),(1484,445321,'新兴县'),(1485,445322,'郁南县'),(1486,445323,'云安县'),(1487,445381,'罗定市'),(1488,450000,'广西省'),(1489,450100,'南宁市'),(1490,450101,'市辖区'),(1491,450102,'兴宁区'),(1492,450103,'青秀区'),(1493,450105,'江南区'),(1494,450107,'西乡塘区'),(1495,450108,'良庆区'),(1496,450109,'邕宁区'),(1497,450122,'武鸣县'),(1498,450123,'隆安县'),(1499,450124,'马山县'),(1500,450125,'上林县'),(1501,450126,'宾阳县'),(1502,450127,'横县'),(1503,450200,'柳州市'),(1504,450201,'市辖区'),(1505,450202,'城中区'),(1506,450203,'鱼峰区'),(1507,450204,'柳南区'),(1508,450205,'柳北区'),(1509,450221,'柳江县'),(1510,450222,'柳城县'),(1511,450223,'鹿寨县'),(1512,450224,'融安县'),(1513,450226,'融水苗族自治县'),(1514,450225,'三江侗族自治县'),(1515,450300,'桂林市'),(1516,450301,'市辖区'),(1517,450302,'秀峰区'),(1518,450303,'叠彩区'),(1519,450304,'象山区'),(1520,450305,'七星区'),(1521,450311,'雁山区'),(1522,450321,'阳朔县'),(1523,450322,'临桂县'),(1524,450323,'灵川县'),(1525,450324,'全州县'),(1526,450325,'兴安县'),(1527,450326,'永福县'),(1528,450327,'灌阳县'),(1529,450328,'龙胜各族自治县'),(1530,450329,'资源县'),(1531,450330,'平乐县'),(1532,450331,'荔蒲县'),(1533,450332,'恭城瑶族自治县'),(1534,450400,'梧州市'),(1535,450401,'市辖区'),(1536,450403,'万秀区'),(1537,450404,'蝶山区'),(1538,450405,'长洲区'),(1539,450421,'苍梧县'),(1540,450422,'藤县'),(1541,450423,'蒙山县'),(1542,450481,'岑溪市'),(1543,450500,'北海市'),(1544,450501,'市辖区'),(1545,450502,'海城区'),(1546,450503,'银海区'),(1547,450512,'铁山港区'),(1548,450521,'合浦县'),(1549,450600,'防城港市'),(1550,450601,'市辖区'),(1551,450602,'港口区'),(1552,450603,'防城区'),(1553,450621,'上思县'),(1554,450681,'东兴市'),(1555,450700,'钦州市'),(1556,450701,'市辖区'),(1557,450702,'钦南区'),(1558,450703,'钦北区'),(1559,450721,'灵山县'),(1560,450722,'浦北县'),(1561,450800,'贵港市'),(1562,450801,'市辖区'),(1563,450802,'港北区'),(1564,450803,'港南区'),(1565,450804,'覃塘区'),(1566,450821,'平南县'),(1567,450881,'桂平市'),(1568,450900,'玉林市'),(1569,450901,'市辖区'),(1570,450902,'玉州区'),(1571,450903,'福绵区'),(1572,450921,'容县'),(1573,450922,'陆川县'),(1574,450923,'博白县'),(1575,450929,'兴业县'),(1576,450981,'北流市'),(1577,451000,'百色市'),(1578,451001,'市辖区'),(1579,451002,'右江区'),(1580,451021,'田阳县'),(1581,451022,'田东县'),(1582,451023,'平果县'),(1583,451024,'德保县'),(1584,451025,'靖西县'),(1585,451026,'那坡县'),(1586,451027,'凌云县'),(1587,451028,'乐业县'),(1588,451029,'田林县'),(1589,451030,'西林县'),(1590,451031,'隆林各族自治县'),(1591,451100,'贺州市'),(1592,451101,'市辖区'),(1593,451102,'八步区'),(1594,451121,'昭平县'),(1595,451122,'钟山县'),(1596,451123,'富川瑶族自治县'),(1597,451200,'河池市'),(1598,451201,'市辖区'),(1599,451202,'金城江区'),(1600,451221,'南丹县'),(1601,451222,'天峨县'),(1602,451223,'凤山县'),(1603,451224,'东兰县'),(1604,451225,'罗城仫佬族自治县'),(1605,451226,'环江毛南族自治县'),(1606,451227,'巴马瑶族自治县'),(1607,451228,'都安瑶族自治县'),(1608,451229,'大化瑶族自治县'),(1609,451281,'宜州市'),(1610,451300,'来宾市'),(1611,451301,'市辖区'),(1612,451302,'兴宾区'),(1613,451324,'忻城县'),(1614,451321,'象州县'),(1615,451322,'武宣县'),(1616,451323,'金秀瑶族自治县'),(1617,451381,'合山市'),(1618,451400,'崇左市'),(1619,451401,'市辖区'),(1620,451402,'江洲区'),(1621,451421,'扶绥县'),(1622,451422,'宁明县'),(1623,451423,'龙州县'),(1624,451424,'大新县'),(1625,451425,'天等县'),(1626,451481,'凭祥市'),(1627,460000,'海南省'),(1628,460100,'海口市'),(1629,460101,'市辖区'),(1630,460105,'秀英区'),(1631,460106,'龙华区'),(1632,460107,'琼山区'),(1633,460108,'美兰区'),(1634,460200,'三亚市'),(1635,460201,'市辖区'),(1636,469000,'省直辖县级行政单位'),(1637,469001,'五指山市'),(1638,469002,'琼海市'),(1639,469003,'儋州市'),(1640,469005,'文昌市'),(1641,469006,'万宁市'),(1642,469007,'东方市'),(1643,469025,'定安县'),(1644,469026,'屯昌县'),(1645,469027,'澄迈县'),(1646,469028,'临高县'),(1647,469030,'白沙黎族自治县'),(1648,469031,'昌江黎族自治县'),(1649,469033,'乐东黎族自治县'),(1650,469034,'陵水黎族自治县'),(1651,469035,'保亭黎族苗族自治县'),(1652,469036,'琼中黎族苗族自治县'),(1653,469037,'西沙群岛'),(1654,469038,'南沙群岛'),(1655,469039,'中沙群岛的岛礁及其海域'),(1656,500000,'重庆市'),(1657,500100,'市辖区'),(1658,500101,'万州区'),(1659,500102,'涪陵区'),(1660,500103,'渝中区'),(1661,500104,'大渡口区'),(1662,500105,'江北区'),(1663,500106,'沙坪坝区'),(1664,500107,'九龙坡区'),(1665,500108,'南岸区'),(1666,500109,'北碚区'),(1667,500110,'万盛区'),(1668,500111,'双桥区'),(1669,500112,'渝北区'),(1670,500113,'巴南区'),(1671,500114,'黔江区'),(1672,500115,'长寿区'),(1673,500222,'綦江县'),(1674,500223,'潼南县'),(1675,500224,'铜梁县'),(1676,500225,'大足县'),(1677,500226,'荣昌县'),(1678,500227,'璧山县'),(1679,500228,'梁平县'),(1680,500229,'城口县'),(1681,500230,'丰都县'),(1682,500231,'垫江县'),(1683,500232,'武隆县'),(1684,500233,'忠县'),(1685,500234,'开县'),(1686,500235,'云阳县'),(1687,500236,'奉节县'),(1688,500237,'巫山县'),(1689,500238,'巫溪县'),(1690,500240,'石柱土家族自治县'),(1691,500241,'秀山土家族苗族自治县'),(1692,500242,'酉阳土家族苗族自治县'),(1693,500243,'彭水苗族土家族自治县'),(1694,500381,'江津市'),(1695,500382,'合川市'),(1696,500383,'永川市'),(1697,500384,'南川市'),(1698,510000,'四川省'),(1699,510100,'成都市'),(1700,510101,'市辖区'),(1701,510104,'锦江区'),(1702,510105,'青羊区'),(1703,510106,'金牛区'),(1704,510107,'武侯区'),(1705,510108,'成华区'),(1706,510112,'龙泉驿区'),(1707,510113,'青白江区'),(1708,510125,'新都区'),(1709,510123,'温江区'),(1710,510121,'金堂县'),(1711,510122,'双流县'),(1712,510124,'郫县'),(1713,510129,'大邑县'),(1714,510131,'蒲江县'),(1715,510132,'新津县'),(1716,510181,'都江堰市'),(1717,510182,'彭州市'),(1718,510183,'邛崃市'),(1719,510184,'崇州市'),(1720,513000,'自贡市'),(1721,510302,'自流井区'),(1722,510303,'贡井区'),(1723,510304,'大安区'),(1724,510311,'沿滩区'),(1725,511405,'汇东高新技术开发区'),(1726,510321,'荣县'),(1727,510322,'富顺县'),(1728,510400,'攀枝花市'),(1729,510401,'市辖区'),(1730,510402,'东区'),(1731,510403,'西区'),(1732,510411,'仁和区'),(1733,510421,'米易县'),(1734,510422,'盐边县'),(1735,510500,'泸州市'),(1736,110000,'北京市'),(1737,110100,'市辖区'),(1738,110101,'东城区'),(1739,110102,'西城区'),(1740,110103,'崇文区'),(1741,110104,'宣武区'),(1742,110105,'朝阳区'),(1743,110106,'丰台区'),(1744,110107,'石景山区'),(1745,110108,'海淀区'),(1746,110109,'门头沟区'),(1747,110111,'房山区'),(1748,110112,'通州区'),(1749,110113,'顺义区'),(1750,110114,'昌平区'),(1751,110115,'大兴区'),(1752,110116,'怀柔区'),(1753,110117,'平谷区'),(1754,110228,'密云县'),(1755,110229,'延庆县'),(1756,120000,'天津市'),(1757,120100,'市辖区'),(1758,120101,'和平区'),(1759,120102,'河东区'),(1760,120103,'河西区'),(1761,120104,'南开区'),(1762,120105,'河北区'),(1763,120106,'红桥区'),(1764,120107,'塘沽区'),(1765,120108,'汉沽区'),(1766,120109,'大港区'),(1767,120110,'东丽区'),(1768,120111,'西青区'),(1769,120112,'津南区'),(1770,120113,'北辰区'),(1771,120114,'武清区'),(1772,120115,'宝坻区'),(1773,120221,'宁河县'),(1774,120223,'静海县'),(1775,120225,'蓟县'),(1776,130000,'河北省'),(1777,130100,'石家庄市'),(1778,130102,'长安区'),(1779,130103,'桥东区'),(1780,130104,'桥西区'),(1781,130105,'新华区'),(1782,130107,'井陉矿区'),(1783,130108,'裕华区'),(1784,130121,'井陉县'),(1785,130123,'正定县'),(1786,130124,'栾城县'),(1787,130125,'行唐县'),(1788,130126,'灵寿县'),(1789,130127,'高邑县'),(1790,130128,'深泽县'),(1791,130129,'赞皇县'),(1792,130130,'无极县'),(1793,130131,'平山县'),(1794,130132,'元氏县'),(1795,130133,'赵县'),(1796,130181,'辛集市'),(1797,130182,'藁城市'),(1798,130183,'晋州市'),(1799,130184,'新乐市'),(1800,130185,'鹿泉市'),(1801,130500,'邢台市'),(1802,130501,'市辖区'),(1803,130502,'桥东区'),(1804,130503,'桥西区'),(1805,130521,'邢台县'),(1806,130522,'临城县'),(1807,130523,'内丘县'),(1808,130524,'柏乡县'),(1809,130525,'隆尧县'),(1810,130526,'任县'),(1811,130527,'南和县'),(1812,130528,'宁晋县'),(1813,130529,'巨鹿县'),(1814,130530,'新河县'),(1815,130531,'广宗县'),(1816,130532,'平乡县'),(1817,130533,'威县'),(1818,130534,'清河县'),(1819,130535,'临西县'),(1820,130581,'南宫市'),(1821,130582,'沙河市'),(1822,131100,'衡水市'),(1823,131101,'市辖区'),(1824,131102,'桃城区'),(1825,131121,'枣强县'),(1826,131122,'武邑县'),(1827,131123,'武强县'),(1828,131124,'饶阳县'),(1829,131125,'安平县'),(1830,131126,'故城县'),(1831,131127,'景县'),(1832,131128,'阜城县'),(1833,131181,'冀州市'),(1834,131182,'深州市'),(1835,130600,'保定市'),(1836,130601,'市辖区'),(1837,130602,'新市区'),(1838,130603,'北市区'),(1839,130604,'南市区'),(1840,130605,'高开区'),(1841,130621,'满城县'),(1842,130622,'清苑县'),(1843,130623,'涞水县'),(1844,130624,'阜平县'),(1845,130625,'徐水县'),(1846,130626,'定兴县'),(1847,130627,'唐县'),(1848,130628,'高阳县'),(1849,130629,'容城县'),(1850,130630,'涞源县'),(1851,130631,'望都县'),(1852,130632,'安新县'),(1853,130633,'易县'),(1854,130634,'曲阳县'),(1855,130635,'蠡县'),(1856,130636,'顺平县'),(1857,130637,'博野县'),(1858,130638,'雄县'),(1859,130681,'涿州市'),(1860,130682,'定州市'),(1861,130683,'安国市'),(1862,130684,'高碑店市'),(1863,130400,'邯郸市'),(1864,130401,'市辖区'),(1865,130402,'邯山区'),(1866,130403,'丛台区'),(1867,130404,'复兴区'),(1868,130406,'峰峰矿区'),(1869,130421,'邯郸县'),(1870,130423,'临漳县'),(1871,130424,'成安县'),(1872,130425,'大名县'),(1873,130426,'涉县'),(1874,130427,'磁县'),(1875,130428,'肥乡县'),(1876,130429,'永年县'),(1877,130430,'邱县'),(1878,130431,'鸡泽县'),(1879,130432,'广平县'),(1880,130433,'馆陶县'),(1881,130434,'魏县'),(1882,130435,'曲周县'),(1883,130481,'武安市'),(1884,130700,'张家口市'),(1885,130701,'市辖区'),(1886,130702,'桥东区'),(1887,130703,'桥西区'),(1888,130705,'宣化区'),(1889,130706,'下花园区'),(1890,130721,'宣化县'),(1891,130722,'张北县'),(1892,130723,'康保县'),(1893,130724,'沽源县'),(1894,130725,'尚义县'),(1895,130726,'蔚县'),(1896,130727,'阳原县'),(1897,130728,'怀安县'),(1898,130729,'万全县'),(1899,130730,'怀来县'),(1900,130731,'涿鹿县'),(1901,130732,'赤城县'),(1902,130733,'崇礼县'),(1903,130200,'唐山市'),(1904,130201,'市辖区'),(1905,130202,'路南区'),(1906,130203,'路北区'),(1907,130204,'古冶区'),(1908,510501,'市辖区'),(1909,510502,'江阳区'),(1910,510503,'纳溪区'),(1911,510504,'龙马潭区'),(1912,510521,'泸县'),(1913,510522,'合江县'),(1914,510524,'叙永县'),(1915,510525,'古蔺县'),(1916,510600,'德阳市'),(1917,510601,'市辖区'),(1918,510603,'旌阳区'),(1919,510623,'中江县'),(1920,510626,'罗江县'),(1921,510681,'广汉市'),(1922,510682,'什邡市'),(1923,510683,'绵竹市'),(1924,510700,'绵阳市'),(1925,510701,'市辖区'),(1926,510703,'涪城区'),(1927,510704,'游仙区'),(1928,516900,'科学城'),(1929,510782,'高新区'),(1930,510722,'三台县'),(1931,510723,'盐亭县'),(1932,510724,'安县'),(1933,510725,'梓潼县'),(1934,510726,'北川羌族自治县'),(1935,510727,'平武县'),(1936,510781,'江油市'),(1937,510800,'广元市'),(1938,510802,'市中区'),(1939,510811,'元坝区'),(1940,510812,'朝天区'),(1941,510821,'旺苍县'),(1942,510822,'青川县'),(1943,510823,'剑阁县'),(1944,510824,'苍溪县'),(1945,510900,'遂宁市'),(1946,510902,'市辖区'),(1947,511924,'船山区'),(1948,510904,'安居区'),(1949,510921,'蓬溪县'),(1950,510922,'射洪县'),(1951,510923,'大英县'),(1952,511000,'内江市'),(1953,511001,'市辖区'),(1954,511002,'市中区'),(1955,511011,'东兴区'),(1956,511024,'威远县'),(1957,511025,'资中县'),(1958,511028,'隆昌县'),(1959,511100,'乐山市'),(1960,511101,'市辖区'),(1961,511102,'市中区'),(1962,511111,'沙湾区'),(1963,511112,'五通桥区'),(1964,511113,'金口河区'),(1965,511123,'犍为县'),(1966,511124,'井研县'),(1967,511126,'夹江县'),(1968,511129,'沐川县'),(1969,511132,'峨边彝族自治县'),(1970,511133,'马边彝族自治县'),(1971,511181,'峨眉山市'),(1972,511300,'南充市'),(1973,511301,'市辖区'),(1974,511302,'顺庆区'),(1975,511303,'高坪区'),(1976,511304,'嘉陵区'),(1977,511321,'南部县'),(1978,511322,'营山县'),(1979,511323,'蓬安县'),(1980,511324,'仪陇县'),(1981,511325,'西充县'),(1982,511381,'阆中市'),(1983,511400,'眉山市'),(1984,511401,'市辖区'),(1985,511402,'东坡区'),(1986,511421,'仁寿县'),(1987,511422,'彭山县'),(1988,511423,'洪雅县'),(1989,511424,'丹棱县'),(1990,511425,'青神县'),(1991,511500,'宜宾市'),(1992,511501,'市辖区'),(1993,511502,'翠屏区'),(1994,511521,'宜宾县'),(1995,511522,'南溪县'),(1996,511523,'江安县'),(1997,511524,'长宁县'),(1998,511525,'高县'),(1999,511526,'珙县'),(2000,511527,'筠连县'),(2001,511528,'兴文县'),(2002,511529,'屏山县'),(2003,511600,'广安市'),(2004,511602,'广安区'),(2005,511621,'岳池县'),(2006,511622,'武胜县'),(2007,511623,'邻水县'),(2008,511681,'华蓥市'),(2009,511700,'达州市'),(2010,511701,'市辖区'),(2011,511702,'通川区'),(2012,511721,'达县'),(2013,511722,'宣汉县'),(2014,511723,'开江县'),(2015,511724,'大竹县'),(2016,511725,'渠县'),(2017,511781,'万源市'),(2018,511800,'雅安市'),(2019,511801,'市辖区'),(2020,511802,'雨城区'),(2021,511821,'名山县'),(2022,511822,'荥经县'),(2023,511823,'汉源县'),(2024,511824,'石棉县'),(2025,511825,'天全县'),(2026,511826,'芦山县'),(2027,511827,'宝兴县'),(2028,511900,'巴中市'),(2029,511901,'市辖区'),(2030,511902,'巴州区'),(2031,511921,'通江县'),(2032,511922,'南江县'),(2033,511923,'平昌县'),(2034,512000,'资阳市'),(2035,512001,'市辖区'),(2036,512002,'雁江区'),(2037,512021,'安岳县'),(2038,512022,'乐至县'),(2039,512081,'简阳市'),(2040,513200,'阿坝藏族羌族自治州'),(2041,513221,'汶川县'),(2042,513222,'理县'),(2043,513223,'茂县'),(2044,513224,'松潘县'),(2045,513225,'九寨沟县'),(2046,520382,'仁怀市'),(2047,520400,'安顺市'),(2048,520401,'市辖区'),(2049,520402,'西秀区'),(2050,520421,'平坝县'),(2051,520422,'普定县'),(2052,520423,'镇宁布依族苗族自治县'),(2053,520424,'关岭布依族苗族自治县'),(2054,520425,'紫云苗族布依族自治县'),(2055,522200,'铜仁地区'),(2056,522201,'铜仁市'),(2057,522222,'江口县'),(2058,522223,'玉屏侗族自治县'),(2059,522224,'石阡县'),(2060,522225,'思南县'),(2061,522226,'印江土家族苗族自治县'),(2062,522227,'德江县'),(2063,522228,'沿河土家族自治县'),(2064,522229,'松桃苗族自治县'),(2065,522230,'万山特区'),(2066,522300,'黔西南布依族苗族自治州'),(2067,522301,'兴义市'),(2068,522322,'兴仁县'),(2069,522323,'普安县'),(2070,522324,'晴隆县'),(2071,522325,'贞丰县'),(2072,522326,'望谟县'),(2073,522327,'册亨县'),(2074,522328,'安龙县'),(2075,522400,'毕节地区'),(2076,522401,'毕节市'),(2077,522422,'大方县'),(2078,522423,'黔西县'),(2079,522424,'金沙县'),(2080,522425,'织金县'),(2081,522426,'纳雍县'),(2082,522427,'威宁彝族回族苗族自治县'),(2083,522428,'赫章县'),(2084,522600,'黔东南苗族侗族自治州'),(2085,522601,'凯里市'),(2086,522622,'黄平县'),(2087,522623,'施秉县'),(2088,522624,'三穗县'),(2089,522625,'镇远县'),(2090,522626,'岑巩县'),(2091,522627,'天柱县'),(2092,522628,'锦屏县'),(2093,522629,'剑河县'),(2094,522630,'台江县'),(2095,522631,'黎平县'),(2096,522632,'榕江县'),(2097,522633,'从江县'),(2098,522634,'雷山县'),(2099,522635,'麻江县'),(2100,522636,'丹寨县'),(2101,522700,'黔南布依族苗族自治州'),(2102,522701,'都匀市'),(2103,513226,'金川县'),(2104,513227,'小金县'),(2105,513228,'黑水县'),(2106,513229,'马尔康县'),(2107,513230,'壤塘县'),(2108,513231,'阿坝县'),(2109,513232,'若尔盖县'),(2110,513233,'红原县'),(2111,513300,'甘孜藏族自治州'),(2112,513321,'康定县'),(2113,513322,'泸定县'),(2114,513323,'丹巴县'),(2115,513324,'九龙县'),(2116,513325,'雅江县'),(2117,513326,'道孚县'),(2118,513327,'炉霍县'),(2119,513328,'甘孜县'),(2120,513329,'新龙县'),(2121,513330,'德格县'),(2122,513331,'白玉县'),(2123,513332,'石渠县'),(2124,513333,'色达县'),(2125,513334,'理塘县'),(2126,513335,'巴塘县'),(2127,513336,'乡城县'),(2128,513337,'稻城县'),(2129,513338,'得荣县'),(2130,513400,'凉山彝族自治州'),(2131,513401,'西昌市'),(2132,513422,'木里藏族自治县'),(2133,513423,'盐源县'),(2134,513424,'德昌县'),(2135,513425,'会理县'),(2136,130205,'开平区'),(2137,130207,'丰南区'),(2138,130208,'丰润区'),(2139,130223,'滦县'),(2140,130224,'滦南县'),(2141,130225,'乐亭县'),(2142,130227,'迁西县'),(2143,130229,'玉田县'),(2144,130230,'唐海县'),(2145,130281,'遵化市'),(2146,130283,'迁安市'),(2147,130300,'秦皇岛市'),(2148,130301,'市辖区'),(2149,130302,'海港区'),(2150,130303,'山海关区'),(2151,130304,'北戴河区'),(2152,130321,'青龙满族自治县'),(2153,130322,'昌黎县'),(2154,130323,'抚宁县'),(2155,130324,'卢龙县'),(2156,130800,'承德市'),(2157,130801,'市辖区'),(2158,130802,'双桥区'),(2159,130803,'双滦区'),(2160,130804,'鹰手营子矿区'),(2161,130821,'承德县'),(2162,130822,'兴隆县'),(2163,130823,'平泉县'),(2164,130824,'滦平县'),(2165,130825,'隆化县'),(2166,130826,'丰宁满族自治县'),(2167,130827,'宽城满族自治县'),(2168,130828,'围场满族蒙古族自治县'),(2169,130900,'沧州市'),(2170,130901,'市辖区'),(2171,130902,'新华区'),(2172,130903,'运河区'),(2173,130921,'沧县'),(2174,130922,'青县'),(2175,130923,'东光县'),(2176,130924,'海兴县'),(2177,130925,'盐山县'),(2178,130926,'肃宁县'),(2179,130927,'南皮县'),(2180,130928,'吴桥县'),(2181,130929,'献县'),(2182,130930,'孟村回族自治县'),(2183,130981,'泊头市'),(2184,130982,'任丘市'),(2185,130983,'黄骅市'),(2186,130984,'河间市'),(2187,131000,'廊坊市'),(2188,131001,'市辖区'),(2189,131002,'安次区'),(2190,131003,'广阳区'),(2191,131022,'固安县'),(2192,131023,'永清县'),(2193,131024,'香河县'),(2194,131025,'大城县'),(2195,131026,'文安县'),(2196,131028,'大厂回族自治县'),(2197,131081,'霸州市'),(2198,131082,'三河市'),(2199,140000,'山西省'),(2200,140100,'太原市'),(2201,140101,'市辖区'),(2202,140105,'小店区'),(2203,140106,'迎泽区'),(2204,140107,'杏花岭区'),(2205,140108,'尖草坪区'),(2206,140109,'万柏林区'),(2207,140110,'晋源区'),(2208,140121,'清徐县'),(2209,140122,'阳曲县'),(2210,140123,'娄烦县'),(2211,140181,'古交市'),(2212,140200,'大同市'),(2213,140201,'市辖区'),(2214,140202,'城区'),(2215,140203,'矿区'),(2216,140211,'南郊区'),(2217,140212,'新荣区'),(2218,140221,'阳高县'),(2219,140222,'天镇县'),(2220,140223,'广灵县'),(2221,140224,'灵丘县'),(2222,140225,'浑源县'),(2223,140226,'左云县'),(2224,140227,'大同县'),(2225,140300,'阳泉市'),(2226,140301,'市辖区'),(2227,140302,'城区'),(2228,140303,'矿区'),(2229,140311,'郊区'),(2230,140321,'平定县'),(2231,140322,'盂县'),(2232,140400,'长治市'),(2233,140401,'市辖区'),(2234,140402,'城区'),(2235,140411,'郊区'),(2236,140421,'长治县'),(2237,140423,'襄垣县'),(2238,140424,'屯留县'),(2239,140425,'平顺县'),(2240,140426,'黎城县'),(2241,140427,'壶关县'),(2242,140428,'长子县'),(2243,140429,'武乡县'),(2244,140430,'沁县'),(2245,140431,'沁源县'),(2246,140481,'潞城市'),(2247,140500,'晋城市'),(2248,140501,'市辖区'),(2249,140502,'城区'),(2250,140521,'沁水县'),(2251,140522,'阳城县'),(2252,140524,'陵川县'),(2253,140525,'泽州县'),(2254,140581,'高平市'),(2255,140600,'朔州市'),(2256,140601,'市辖区'),(2257,140602,'朔城区'),(2258,140603,'平鲁区'),(2259,140621,'山阴县'),(2260,140622,'应县'),(2261,140623,'右玉县'),(2262,140624,'怀仁县'),(2263,140700,'晋中市'),(2264,140701,'市辖区'),(2265,140702,'榆次区'),(2266,140721,'榆社县'),(2267,140722,'左权县'),(2268,140723,'和顺县'),(2269,140724,'昔阳县'),(2270,140725,'寿阳县'),(2271,140726,'太谷县'),(2272,140727,'祁县'),(2273,140728,'平遥县'),(2274,140729,'灵石县'),(2275,140781,'介休市'),(2276,140800,'运城市'),(2277,140801,'市辖区'),(2278,140802,'盐湖区'),(2279,140821,'临猗县'),(2280,140822,'万荣县'),(2281,140823,'闻喜县'),(2282,140824,'稷山县'),(2283,140825,'新绛县'),(2284,140826,'绛县'),(2285,140827,'垣曲县'),(2286,140828,'夏县'),(2287,140829,'平陆县'),(2288,140830,'芮城县'),(2289,140881,'永济市'),(2290,140882,'河津市'),(2291,140900,'忻州市'),(2292,140901,'市辖区'),(2293,140902,'忻府区'),(2294,140921,'定襄县'),(2295,140922,'五台县'),(2296,140923,'代县'),(2297,140924,'繁峙县'),(2298,140925,'宁武县'),(2299,140926,'静乐县'),(2300,140927,'神池县'),(2301,140928,'五寨县'),(2302,140929,'岢岚县'),(2303,140930,'河曲县'),(2304,140931,'保德县'),(2305,140932,'偏关县'),(2306,140981,'原平市'),(2307,513426,'会东县'),(2308,513427,'宁南县'),(2309,513428,'普格县'),(2310,513429,'布拖县'),(2311,513430,'金阳县'),(2312,513431,'昭觉县'),(2313,513432,'喜德县'),(2314,513433,'冕宁县'),(2315,513434,'越西县'),(2316,513435,'甘洛县'),(2317,513436,'美姑县'),(2318,513437,'雷波县'),(2319,520000,'贵州省'),(2320,520100,'贵阳市'),(2321,520101,'市辖区'),(2322,520102,'南明区'),(2323,520103,'云岩区'),(2324,520111,'花溪区'),(2325,520112,'乌当区'),(2326,520113,'白云区'),(2327,520114,'小河区'),(2328,520121,'开阳县'),(2329,520122,'息烽县'),(2330,520123,'修文县'),(2331,520181,'清镇市'),(2332,520200,'六盘水市'),(2333,520201,'钟山区'),(2334,520203,'六枝特区'),(2335,520221,'水城县'),(2336,520222,'盘县'),(2337,520300,'遵义市'),(2338,520301,'市辖区'),(2339,520302,'红花岗区'),(2340,520321,'遵义县'),(2341,520322,'桐梓县'),(2342,520323,'绥阳县'),(2343,520324,'正安县'),(2344,520325,'道真仡佬族苗族自治县'),(2345,520326,'务川仡佬族苗族自治县'),(2346,520327,'凤冈县'),(2347,520328,'湄潭县'),(2348,520329,'余庆县'),(2349,520330,'习水县'),(2350,520381,'赤水市'),(2351,522702,'福泉市'),(2352,522722,'荔波县'),(2353,522723,'贵定县'),(2354,522725,'瓮安县'),(2355,522726,'独山县'),(2356,522727,'平塘县'),(2357,522728,'罗甸县'),(2358,522729,'长顺县'),(2359,522730,'龙里县'),(2360,522731,'惠水县'),(2361,522732,'三都水族自治县'),(2362,530000,'云南省'),(2363,530100,'昆明市'),(2364,530101,'市辖区'),(2365,530102,'五华区'),(2366,530103,'盘龙区'),(2367,530111,'官渡区'),(2368,530112,'西山区'),(2369,530113,'东川区'),(2370,530121,'呈贡县'),(2371,530122,'晋宁县'),(2372,530124,'富民县'),(2373,530125,'宜良县'),(2374,530126,'石林彝族自治县'),(2375,530127,'嵩明县'),(2376,530128,'禄劝彝族苗族自治县'),(2377,530129,'寻甸回族彝族自治县'),(2378,530181,'安宁市'),(2379,530300,'曲靖市'),(2380,530301,'市辖区'),(2381,530302,'麒麟区'),(2382,530321,'马龙县'),(2383,530322,'陆良县'),(2384,530323,'师宗县'),(2385,530324,'罗平县'),(2386,530325,'富源县'),(2387,530326,'会泽县'),(2388,530328,'沾益县'),(2389,530381,'宣威市'),(2390,530400,'玉溪市'),(2391,530401,'市辖区'),(2392,530402,'红塔区'),(2393,530421,'江川县'),(2394,530422,'澄江县'),(2395,530423,'通海县'),(2396,530424,'华宁县'),(2397,530425,'易门县'),(2398,530426,'峨山彝族自治县'),(2399,530427,'新平彝族傣族自治县'),(2400,530428,'元江哈尼族彝族傣族自治县'),(2401,530500,'保山市'),(2402,530501,'市辖区'),(2403,530502,'隆阳区'),(2404,530521,'施甸县'),(2405,530522,'腾冲县'),(2406,530523,'龙陵县'),(2407,530524,'昌宁县'),(2408,530600,'昭通市'),(2409,530601,'市辖区'),(2410,530602,'昭阳区'),(2411,530621,'鲁甸县'),(2412,530622,'巧家县'),(2413,530623,'盐津县'),(2414,530624,'大关县'),(2415,530625,'永善县'),(2416,530626,'绥江县'),(2417,530627,'镇雄县'),(2418,530628,'彝良县'),(2419,141000,'临汾市'),(2420,141001,'市辖区'),(2421,141002,'尧都区'),(2422,141021,'曲沃县'),(2423,141022,'翼城县'),(2424,141023,'襄汾县'),(2425,141024,'洪洞县'),(2426,141025,'古县'),(2427,141026,'安泽县'),(2428,141027,'浮山县'),(2429,141028,'吉县'),(2430,141029,'乡宁县'),(2431,141030,'大宁县'),(2432,141031,'隰县'),(2433,141032,'永和县'),(2434,141033,'蒲县'),(2435,141034,'汾西县'),(2436,141081,'侯马市'),(2437,141082,'霍州市'),(2438,141100,'吕梁市'),(2439,141101,'市辖区'),(2440,141102,'离石区'),(2441,141121,'文水县'),(2442,141122,'交城县'),(2443,141123,'兴县'),(2444,141124,'临县'),(2445,141125,'柳林县'),(2446,141126,'石楼县'),(2447,141127,'岚县'),(2448,141128,'方山县'),(2449,141129,'中阳县'),(2450,141130,'交口县'),(2451,141181,'孝义市'),(2452,141182,'汾阳市'),(2453,150000,'内蒙古自治区'),(2454,150100,'呼和浩特市'),(2455,150101,'市辖区'),(2456,150102,'新城区'),(2457,150103,'回民区'),(2458,150104,'玉泉区'),(2459,150105,'赛罕区'),(2460,150121,'土默特左旗'),(2461,150122,'托克托县'),(2462,150123,'和林格尔县'),(2463,150124,'清水河县'),(2464,150125,'武川县'),(2465,150200,'包头市'),(2466,150201,'市辖区'),(2467,150202,'东河区'),(2468,150203,'昆都仑区'),(2469,150204,'青山区'),(2470,150205,'石拐区'),(2471,150206,'白云矿区'),(2472,150207,'九原区'),(2473,150221,'土默特右旗'),(2474,150222,'固阳县'),(2475,150223,'达尔罕茂明安联合旗'),(2476,150300,'乌海市'),(2477,150301,'市辖区'),(2478,150302,'海勃湾区'),(2479,150303,'海南区'),(2480,150304,'乌达区'),(2481,150400,'赤峰市'),(2482,150401,'市辖区'),(2483,150402,'红山区'),(2484,150403,'元宝山区'),(2485,150404,'松山区'),(2486,150421,'阿鲁科尔沁旗'),(2487,150422,'巴林左旗'),(2488,150423,'巴林右旗'),(2489,150424,'林西县'),(2490,150425,'克什克腾旗'),(2491,150426,'翁牛特旗'),(2492,150428,'喀喇沁旗'),(2493,150429,'宁城县'),(2494,150430,'敖汉旗'),(2495,150500,'通辽市'),(2496,150501,'市辖区'),(2497,150502,'科尔沁区'),(2498,150521,'科尔沁左翼中旗'),(2499,150522,'科尔沁左翼后旗'),(2500,150523,'开鲁县'),(2501,150524,'库伦旗'),(2502,150525,'奈曼旗'),(2503,150526,'扎鲁特旗'),(2504,150581,'霍林郭勒市'),(2505,150600,'鄂尔多斯市'),(2506,150602,'东胜区'),(2507,150621,'达拉特旗'),(2508,150622,'准格尔旗'),(2509,150623,'鄂托克前旗'),(2510,150624,'鄂托克旗'),(2511,150625,'杭锦旗'),(2512,150626,'乌审旗'),(2513,150627,'伊金霍洛旗'),(2514,150700,'呼伦贝尔市'),(2515,150701,'市辖区'),(2516,150702,'海拉尔区'),(2517,150721,'阿荣旗'),(2518,150722,'莫力达瓦达斡尔族自治旗'),(2519,150723,'鄂伦春自治旗'),(2520,150724,'鄂温克族自治旗'),(2521,150725,'陈巴尔虎旗'),(2522,150726,'新巴尔虎左旗'),(2523,150727,'新巴尔虎右旗'),(2524,150781,'满洲里市'),(2525,150782,'牙克石市'),(2526,150783,'扎兰屯市'),(2527,150784,'额尔古纳市'),(2528,150785,'根河市'),(2529,150800,'巴彦淖尔市'),(2530,150801,'市辖区'),(2531,150802,'临河区'),(2532,150821,'五原县'),(2533,150822,'磴口县'),(2534,150823,'乌拉特前旗'),(2535,150824,'乌拉特中旗'),(2536,150825,'乌拉特后旗'),(2537,150826,'杭锦后旗'),(2538,150900,'乌兰察布市'),(2539,150901,'市辖区'),(2540,150902,'集宁区'),(2541,150921,'卓资县'),(2542,150922,'化德县'),(2543,150923,'商都县'),(2544,150924,'兴和县'),(2545,150925,'凉城县'),(2546,150926,'察哈尔右翼前旗'),(2547,150927,'察哈尔右翼中旗'),(2548,150928,'察哈尔右翼后旗'),(2549,150929,'四子王旗'),(2550,150981,'丰镇市'),(2551,152200,'兴安盟'),(2552,152201,'乌兰浩特市'),(2553,152202,'阿尔山市'),(2554,152221,'科尔沁右翼前旗'),(2555,152222,'科尔沁右翼中旗'),(2556,152223,'扎赉特旗'),(2557,152224,'突泉县'),(2558,152500,'锡林郭勒盟'),(2559,152501,'二连浩特市'),(2560,152502,'锡林浩特市'),(2561,152522,'阿巴嘎旗'),(2562,152523,'苏尼特左旗'),(2563,152524,'苏尼特右旗'),(2564,152525,'东乌珠穆沁旗'),(2565,152526,'西乌珠穆沁旗'),(2566,152527,'太仆寺旗'),(2567,152528,'镶黄旗'),(2568,152529,'正镶白旗'),(2569,152530,'正蓝旗'),(2570,152531,'多伦县'),(2571,152900,'阿拉善盟'),(2572,152921,'阿拉善左旗'),(2573,152922,'阿拉善右旗'),(2574,152923,'额济纳旗'),(2575,210000,'辽宁省'),(2576,210100,'沈阳市'),(2577,210101,'市辖区'),(2578,210102,'和平区'),(2579,210103,'沈河区'),(2580,210104,'大东区'),(2581,210105,'皇姑区'),(2582,210106,'铁西区'),(2583,210111,'苏家屯区'),(2584,210112,'东陵区'),(2585,210113,'新城子区'),(2586,210114,'于洪区'),(2587,530629,'威信县'),(2588,530630,'水富县'),(2589,530700,'丽江市'),(2590,530701,'市辖区'),(2591,530702,'古城区'),(2592,530721,'玉龙纳西族自治县'),(2593,530722,'永胜县'),(2594,530723,'华坪县'),(2595,530724,'宁蒗彝族自治县'),(2596,530800,'思茅市'),(2597,530801,'市辖区'),(2598,530802,'翠云区'),(2599,530821,'普洱哈尼族彝族自治县'),(2600,530822,'墨江哈尼族自治县'),(2601,530823,'景东彝族自治县'),(2602,530824,'景谷傣族彝族自治县'),(2603,530825,'镇沅彝族哈尼族拉祜族自治县'),(2604,530826,'江城哈尼族彝族自治县'),(2605,530827,'孟连傣族拉祜族佤族自治县'),(2606,530828,'澜沧拉祜族自治县'),(2607,530829,'西盟佤族自治县'),(2608,530900,'临沧市'),(2609,530901,'市辖区'),(2610,530902,'临翔区'),(2611,530921,'凤庆县'),(2612,530922,'云县'),(2613,530923,'永德县'),(2614,530924,'镇康县'),(2615,530925,'双江拉祜族佤族布朗族傣族自治县'),(2616,530926,'耿马傣族佤族自治县'),(2617,530927,'沧源佤族自治县'),(2618,532300,'楚雄彝族自治州'),(2619,532301,'楚雄市'),(2620,532322,'双柏县'),(2621,532323,'牟定县'),(2622,532324,'南华县'),(2623,532325,'姚安县'),(2624,532326,'大姚县'),(2625,532327,'永仁县'),(2626,532328,'元谋县'),(2627,532329,'武定县'),(2628,532331,'禄丰县'),(2629,532500,'红河哈尼族彝族自治州'),(2630,532501,'个旧市'),(2631,532502,'开远市'),(2632,532522,'蒙自县'),(2633,532523,'屏边苗族自治县'),(2634,532524,'建水县'),(2635,532525,'石屏县'),(2636,532526,'弥勒县'),(2637,532527,'泸西县'),(2638,532528,'元阳县'),(2639,532529,'红河县'),(2640,532530,'金平苗族瑶族傣族自治县'),(2641,532531,'绿春县'),(2642,532532,'河口瑶族自治县'),(2643,532600,'文山壮族苗族自治州'),(2644,532621,'文山县'),(2645,532622,'砚山县'),(2646,532623,'西畴县'),(2647,532624,'麻栗坡县'),(2648,532625,'马关县'),(2649,532626,'丘北县'),(2650,532627,'广南县'),(2651,532628,'富宁县'),(2652,532800,'西双版纳傣族自治州'),(2653,532801,'景洪市'),(2654,532822,'勐海县'),(2655,532823,'勐腊县'),(2656,532900,'大理白族自治州'),(2657,532901,'大理市'),(2658,532922,'漾濞彝族自治县'),(2659,532923,'祥云县'),(2660,532924,'宾川县'),(2661,532925,'弥渡县'),(2662,532926,'南涧彝族自治县'),(2663,532927,'巍山彝族回族自治县'),(2664,532928,'永平县'),(2665,532929,'云龙县'),(2666,532930,'洱源县'),(2667,532931,'剑川县'),(2668,532932,'鹤庆县'),(2669,533100,'德宏傣族景颇族自治州'),(2670,533102,'瑞丽市'),(2671,533103,'潞西市'),(2672,533122,'梁河县'),(2673,533123,'盈江县'),(2674,533124,'陇川县'),(2675,533300,'怒江傈僳族自治州'),(2676,533321,'泸水县'),(2677,533323,'福贡县'),(2678,533324,'贡山独龙族怒族自治县'),(2679,533325,'兰坪白族普米族自治县'),(2680,533400,'迪庆藏族自治州'),(2681,533421,'香格里拉县'),(2682,533422,'德钦县'),(2683,533423,'维西傈僳族自治县'),(2684,540000,'西藏自治区'),(2685,540100,'拉萨市'),(2686,540101,'市辖区'),(2687,540102,'城关区'),(2688,540121,'林周县'),(2689,540122,'当雄县'),(2690,540123,'尼木县'),(2691,540124,'曲水县'),(2692,540125,'堆龙德庆县'),(2693,540126,'达孜县'),(2694,540127,'墨竹工卡县'),(2695,542100,'昌都地区'),(2696,542121,'昌都县'),(2697,542122,'江达县'),(2698,542123,'贡觉县'),(2699,542124,'类乌齐县'),(2700,542125,'丁青县'),(2701,542126,'察雅县'),(2702,542127,'八宿县'),(2703,542128,'左贡县'),(2704,542132,'洛隆县'),(2705,542133,'边坝县'),(2706,542200,'山南地区'),(2707,542221,'乃东县'),(2708,542222,'扎囊县'),(2709,542223,'贡嘎县'),(2710,542224,'桑日县'),(2711,542225,'琼结县'),(2712,542226,'曲松县'),(2713,542227,'措美县'),(2714,542228,'洛扎县'),(2715,542229,'加查县'),(2716,542231,'隆子县'),(2717,542232,'错那县'),(2718,542233,'浪卡子县'),(2719,542300,'日喀则地区'),(2720,542301,'日喀则市'),(2721,542322,'南木林县'),(2722,542323,'江孜县'),(2723,542324,'定日县'),(2724,542325,'萨迦县'),(2725,542326,'拉孜县'),(2726,542327,'昂仁县'),(2727,542328,'谢通门县'),(2728,542329,'白朗县'),(2729,542330,'仁布县'),(2730,542331,'康马县'),(2731,542332,'定结县'),(2732,542333,'仲巴县'),(2733,542334,'亚东县'),(2734,542335,'吉隆县'),(2735,542336,'聂拉木县'),(2736,542337,'萨嘎县'),(2737,542338,'岗巴县'),(2738,542400,'那曲地区'),(2739,542421,'那曲县'),(2740,542422,'嘉黎县'),(2741,542423,'比如县'),(2742,542424,'聂荣县'),(2743,542425,'安多县'),(2744,542426,'申扎县'),(2745,542427,'索县'),(2746,542428,'班戈县'),(2747,542429,'巴青县'),(2748,542430,'尼玛县'),(2749,542500,'阿里地区'),(2750,542521,'普兰县'),(2751,542522,'札达县'),(2752,542523,'噶尔县'),(2753,210122,'辽中县'),(2754,210123,'康平县'),(2755,210124,'法库县'),(2756,210181,'新民市'),(2757,210200,'大连市'),(2758,210201,'市辖区'),(2759,210202,'中山区'),(2760,210203,'西岗区'),(2761,210204,'沙河口区'),(2762,210206,'开发区'),(2763,210211,'甘井子区'),(2764,210212,'旅顺口区'),(2765,210213,'金州区'),(2766,210224,'长海县'),(2767,210281,'瓦房店市'),(2768,210282,'普兰店市'),(2769,210283,'庄河市'),(2770,210300,'鞍山市'),(2771,210301,'市辖区'),(2772,210302,'铁东区'),(2773,210303,'铁西区'),(2774,210304,'立山区'),(2775,210311,'千山区'),(2776,210321,'台安县'),(2777,210323,'岫岩满族自治县'),(2778,210381,'海城市'),(2779,210400,'抚顺市'),(2780,210401,'市辖区'),(2781,210402,'新抚区'),(2782,210403,'东洲区'),(2783,210404,'望花区'),(2784,210411,'顺城区'),(2785,210421,'抚顺县'),(2786,210422,'新宾满族自治县'),(2787,210423,'清原满族自治县'),(2788,210500,'本溪市'),(2789,210501,'市辖区'),(2790,210502,'平山区'),(2791,210503,'溪湖区'),(2792,210504,'明山区'),(2793,210505,'南芬区'),(2794,210521,'本溪满族自治县'),(2795,210522,'桓仁满族自治县'),(2796,210600,'丹东市'),(2797,210601,'市辖区'),(2798,210602,'元宝区'),(2799,210603,'振兴区'),(2800,210604,'振安区'),(2801,210624,'宽甸满族自治县'),(2802,210681,'东港市'),(2803,210682,'凤城市'),(2804,210700,'锦州市'),(2805,210701,'市辖区'),(2806,210702,'古塔区'),(2807,210703,'凌河区'),(2808,210711,'太和区'),(2809,210726,'黑山县'),(2810,210727,'义县'),(2811,210781,'凌海市'),(2812,210782,'北宁市'),(2813,210800,'营口市'),(2814,210801,'市辖区'),(2815,210802,'站前区'),(2816,210803,'西市区'),(2817,210804,'鲅鱼圈区'),(2818,210811,'老边区'),(2819,210881,'盖州市'),(2820,210882,'大石桥市'),(2821,210900,'阜新市'),(2822,210901,'市辖区'),(2823,210902,'海州区'),(2824,210903,'新邱区'),(2825,210904,'太平区'),(2826,210905,'清河门区'),(2827,210911,'细河区'),(2828,210921,'阜新蒙古族自治县'),(2829,210922,'彰武县'),(2830,211000,'辽阳市'),(2831,211001,'市辖区'),(2832,211002,'白塔区'),(2833,211003,'文圣区'),(2834,211004,'宏伟区'),(2835,211005,'弓长岭区'),(2836,211011,'太子河区'),(2837,211021,'辽阳县'),(2838,211081,'灯塔市'),(2839,211100,'盘锦市'),(2840,211101,'市辖区'),(2841,211102,'双台子区'),(2842,211103,'兴隆台区'),(2843,211108,'大洼县'),(2844,211109,'盘山县'),(2845,211200,'铁岭市'),(2846,211201,'市辖区'),(2847,211202,'银州区'),(2848,211204,'清河区'),(2849,211221,'铁岭县'),(2850,211223,'西丰县'),(2851,211224,'昌图县'),(2852,211281,'调兵山市'),(2853,211282,'开原市'),(2854,211300,'朝阳市'),(2855,211301,'市辖区'),(2856,211302,'双塔区'),(2857,211303,'龙城区'),(2858,211321,'朝阳县'),(2859,211322,'建平县'),(2860,211324,'喀喇沁左翼蒙古族自治县'),(2861,211381,'北票市'),(2862,211382,'凌源市'),(2863,211304,'开发区'),(2864,211400,'葫芦岛市'),(2865,211401,'市辖区'),(2866,211402,'连山区'),(2867,211403,'龙港区'),(2868,211404,'南票区'),(2869,211421,'绥中县'),(2870,211422,'建昌县'),(2871,211481,'兴城市'),(2872,220000,'吉林省'),(2873,220100,'长春市'),(2874,220101,'市辖区'),(2875,220102,'南关区'),(2876,220103,'宽城区'),(2877,220104,'朝阳区'),(2878,220105,'二道区'),(2879,220106,'绿园区'),(2880,220112,'双阳区'),(2881,220122,'农安县'),(2882,220181,'九台市'),(2883,220182,'榆树市'),(2884,220183,'德惠市'),(2885,220200,'吉林市'),(2886,220201,'市辖区'),(2887,220202,'昌邑区'),(2888,220203,'龙潭区'),(2889,220204,'船营区'),(2890,220211,'丰满区'),(2891,220221,'永吉县'),(2892,220281,'蛟河市'),(2893,220282,'桦甸市'),(2894,220283,'舒兰市'),(2895,220284,'磐石市'),(2896,220300,'四平市'),(2897,220301,'市辖区'),(2898,220302,'铁西区'),(2899,220303,'铁东区'),(2900,220322,'梨树县'),(2901,220323,'伊通满族自治县'),(2902,220381,'公主岭市'),(2903,220382,'双辽市'),(2904,220400,'辽源市'),(2905,220401,'市辖区'),(2906,220402,'龙山区'),(2907,220403,'西安区'),(2908,220421,'东丰县'),(2909,220422,'东辽县'),(2910,220500,'通化市'),(2911,220501,'市辖区'),(2912,220502,'东昌区'),(2913,220503,'二道江区'),(2914,220521,'通化县'),(2915,220523,'辉南县'),(2916,220524,'柳河县'),(2917,220581,'梅河口市'),(2918,220582,'集安市'),(2919,220600,'白山市'),(2920,220601,'市辖区'),(2921,220602,'八道江区'),(2922,220621,'抚松县'),(2923,220622,'靖宇县'),(2924,542524,'日土县'),(2925,542525,'革吉县'),(2926,542526,'改则县'),(2927,542527,'措勤县'),(2928,542600,'林芝地区'),(2929,542621,'林芝县'),(2930,542622,'工布江达县'),(2931,542623,'米林县'),(2932,542624,'墨脱县'),(2933,542625,'波密县'),(2934,542626,'察隅县'),(2935,542627,'朗县'),(2936,610000,'陕西省'),(2937,610100,'西安市'),(2938,610101,'市辖区'),(2939,610102,'新城区'),(2940,610103,'碑林区'),(2941,610104,'莲湖区'),(2942,610111,'灞桥区'),(2943,220681,'临江市'),(2944,220700,'松原市'),(2945,220701,'市辖区'),(2946,220702,'宁江区'),(2947,220721,'前郭尔罗斯蒙古族自治县'),(2948,220722,'长岭县'),(2949,220723,'乾安县'),(2950,220724,'扶余县'),(2951,220800,'白城市'),(2952,220801,'市辖区'),(2953,220802,'洮北区'),(2954,220821,'镇赉县'),(2955,220822,'通榆县'),(2956,220881,'洮南市'),(2957,220882,'大安市'),(2958,222400,'延边朝鲜族自治州'),(2959,222401,'延吉市'),(2960,222402,'图们市'),(2961,222403,'敦化市'),(2962,222404,'珲春市'),(2963,222405,'龙井市'),(2964,222406,'和龙市'),(2965,222424,'汪清县'),(2966,222426,'安图县'),(2967,230000,'黑龙江省'),(2968,230100,'哈尔滨市'),(2969,230101,'市辖区'),(2970,230102,'道里区'),(2971,230103,'南岗区'),(2972,230104,'道外区'),(2973,230106,'香坊区'),(2974,230107,'动力区'),(2975,230108,'平房区'),(2976,230109,'松北区'),(2977,230111,'呼兰区'),(2978,230123,'依兰县'),(2979,230124,'方正县'),(2980,230125,'宾县'),(2981,230126,'巴彦县'),(2982,230127,'木兰县'),(2983,230128,'通河县'),(2984,230129,'延寿县'),(2985,230181,'阿城市'),(2986,230182,'双城市'),(2987,230183,'尚志市'),(2988,230184,'五常市'),(2989,230200,'齐齐哈尔市'),(2990,230201,'市辖区'),(2991,230202,'龙沙区'),(2992,230203,'建华区'),(2993,230204,'铁锋区'),(2994,230205,'昂昂溪区'),(2995,230206,'富拉尔基区'),(2996,230207,'碾子山区'),(2997,230208,'梅里斯达斡尔族区'),(2998,230221,'龙江县'),(2999,230223,'依安县'),(3000,230224,'泰来县'),(3001,230225,'甘南县'),(3002,230227,'富裕县'),(3003,230229,'克山县'),(3004,230230,'克东县'),(3005,230231,'拜泉县'),(3006,230281,'讷河市'),(3007,230300,'鸡西市'),(3008,230301,'市辖区'),(3009,230302,'鸡冠区'),(3010,230303,'恒山区'),(3011,230304,'滴道区'),(3012,230305,'梨树区'),(3013,230306,'城子河区'),(3014,230307,'麻山区'),(3015,230321,'鸡东县'),(3016,230381,'虎林市'),(3017,230382,'密山市'),(3018,230400,'鹤岗市'),(3019,230401,'市辖区'),(3020,230402,'向阳区'),(3021,230403,'工农区'),(3022,230404,'南山区'),(3023,230405,'兴安区'),(3024,230406,'东山区'),(3025,230407,'兴山区'),(3026,230421,'萝北县'),(3027,230422,'绥滨县'),(3028,230500,'双鸭山市'),(3029,230501,'市辖区'),(3030,230502,'尖山区'),(3031,230503,'岭东区'),(3032,230505,'四方台区'),(3033,230506,'宝山区'),(3034,230521,'集贤县'),(3035,230522,'友谊县'),(3036,230523,'宝清县'),(3037,230524,'饶河县'),(3038,230600,'大庆市'),(3039,230601,'市辖区'),(3040,230602,'萨尔图区'),(3041,230603,'龙凤区'),(3042,230604,'让胡路区'),(3043,230605,'红岗区'),(3044,230606,'大同区'),(3045,230621,'肇州县'),(3046,230622,'肇源县'),(3047,230623,'林甸县'),(3048,230624,'杜尔伯特蒙古族自治县'),(3049,230700,'伊春市'),(3050,230701,'市辖区'),(3051,230702,'伊春区'),(3052,230703,'南岔区'),(3053,230704,'友好区'),(3054,230705,'西林区'),(3055,230706,'翠峦区'),(3056,230707,'新青区'),(3057,230708,'美溪区'),(3058,230709,'金山屯区'),(3059,230710,'五营区'),(3060,230711,'乌马河区'),(3061,230712,'汤旺河区'),(3062,230713,'带岭区'),(3063,230714,'乌伊岭区'),(3064,230715,'红星区'),(3065,230716,'上甘岭区'),(3066,230722,'嘉荫县'),(3067,230781,'铁力市'),(3068,230800,'佳木斯市'),(3069,230801,'市辖区'),(3070,230802,'永红区'),(3071,230803,'向阳区'),(3072,230804,'前进区'),(3073,230805,'东风区'),(3074,230811,'郊区'),(3075,230822,'桦南县'),(3076,230826,'桦川县'),(3077,230828,'汤原县'),(3078,230833,'抚远县'),(3079,230881,'同江市'),(3080,230882,'富锦市'),(3081,230900,'七台河市'),(3082,230901,'市辖区'),(3083,230902,'新兴区'),(3084,230903,'桃山区'),(3085,230904,'茄子河区'),(3086,230921,'勃利县'),(3087,231000,'牡丹江市'),(3088,231001,'市辖区'),(3089,231002,'东安区'),(3090,231003,'阳明区'),(3091,231004,'爱民区'),(3092,231005,'西安区'),(3093,231024,'东宁县'),(3094,231025,'林口县'),(3095,231081,'绥芬河市'),(3096,231083,'海林市'),(3097,231084,'宁安市'),(3098,231085,'穆棱市'),(3099,231100,'黑河市'),(3100,231101,'市辖区'),(3101,231102,'爱辉区'),(3102,231121,'嫩江县'),(3103,231123,'逊克县'),(3104,231124,'孙吴县'),(3105,231181,'北安市'),(3106,231182,'五大连池市'),(3107,231200,'绥化市'),(3108,231201,'市辖区'),(3109,231202,'北林区'),(3110,231221,'望奎县'),(3111,620525,'张家川回族自治县'),(3112,620600,'武威市'),(3113,620601,'市辖区'),(3114,620602,'凉州区'),(3115,620621,'民勤县'),(3116,620622,'古浪县'),(3117,620623,'天祝藏族自治县'),(3118,620700,'张掖市'),(3119,620701,'市辖区'),(3120,620702,'甘州区'),(3121,620721,'肃南裕固族自治县'),(3122,620722,'民乐县'),(3123,620723,'临泽县'),(3124,620724,'高台县'),(3125,620725,'山丹县'),(3126,620800,'平凉市'),(3127,620801,'市辖区'),(3128,620802,'崆峒区'),(3129,620821,'泾川县'),(3130,620822,'灵台县'),(3131,620823,'崇信县'),(3132,620824,'华亭县'),(3133,620825,'庄浪县'),(3134,620826,'静宁县'),(3135,620900,'酒泉市'),(3136,620901,'市辖区'),(3137,620902,'肃州区'),(3138,620921,'金塔县'),(3139,620922,'安西县'),(3140,620923,'肃北蒙古族自治县'),(3141,620924,'阿克塞哈萨克族自治县'),(3142,620981,'玉门市'),(3143,620982,'敦煌市'),(3144,621000,'庆阳市'),(3145,621001,'市辖区'),(3146,621002,'西峰区'),(3147,621021,'庆城县'),(3148,621022,'环县'),(3149,621023,'华池县'),(3150,621024,'合水县'),(3151,621025,'正宁县'),(3152,621026,'宁县'),(3153,621027,'镇原县'),(3154,621100,'定西市'),(3155,621101,'市辖区'),(3156,621102,'安定区'),(3157,621121,'通渭县'),(3158,621122,'陇西县'),(3159,621123,'渭源县'),(3160,621124,'临洮县'),(3161,621125,'漳县'),(3162,621126,'岷县'),(3163,621200,'陇南市'),(3164,621201,'市辖区'),(3165,621202,'武都区'),(3166,621221,'成县'),(3167,621222,'文县'),(3168,621223,'宕昌县'),(3169,621224,'康县'),(3170,621225,'西和县'),(3171,621226,'礼县'),(3172,621227,'徽县'),(3173,621228,'两当县'),(3174,622900,'临夏回族自治州'),(3175,622901,'临夏市'),(3176,622921,'临夏县'),(3177,622922,'康乐县'),(3178,622923,'永靖县'),(3179,622924,'广河县'),(3180,622925,'和政县'),(3181,622926,'东乡族自治县'),(3182,622927,'积石山保安族东乡族撒拉族自治县'),(3183,623000,'甘南藏族自治州'),(3184,623001,'合作市'),(3185,623021,'临潭县'),(3186,623022,'卓尼县'),(3187,623023,'舟曲县'),(3188,623024,'迭部县'),(3189,623025,'玛曲县'),(3190,623026,'碌曲县'),(3191,623027,'夏河县'),(3192,630000,'青海省'),(3193,630100,'西宁市'),(3194,630101,'市辖区'),(3195,630102,'城东区'),(3196,630103,'城中区'),(3197,630104,'城西区'),(3198,630105,'城北区'),(3199,630121,'大通回族土族自治县'),(3200,630122,'湟中县'),(3201,630123,'湟源县'),(3202,632100,'海东地区'),(3203,632121,'平安县'),(3204,632122,'民和回族土族自治县'),(3205,632123,'乐都县'),(3206,632126,'互助土族自治县'),(3207,632127,'化隆回族自治县'),(3208,632128,'循化撒拉族自治县'),(3209,632200,'海北藏族自治州'),(3210,632221,'门源回族自治县'),(3211,632222,'祁连县'),(3212,632223,'海晏县'),(3213,632224,'刚察县'),(3214,632300,'黄南藏族自治州'),(3215,632321,'同仁县'),(3216,632322,'尖扎县'),(3217,632323,'泽库县'),(3218,632324,'河南蒙古族自治县'),(3219,632500,'海南藏族自治州'),(3220,632521,'共和县'),(3221,632522,'同德县'),(3222,632523,'贵德县'),(3223,632524,'兴海县'),(3224,632525,'贵南县'),(3225,632600,'果洛藏族自治州'),(3226,632621,'玛沁县'),(3227,632622,'班玛县'),(3228,632623,'甘德县'),(3229,632624,'达日县'),(3230,632625,'久治县'),(3231,632626,'玛多县'),(3232,632700,'玉树藏族自治州'),(3233,632721,'玉树县'),(3234,632722,'杂多县'),(3235,632723,'称多县'),(3236,632724,'治多县'),(3237,632725,'囊谦县'),(3238,632726,'曲麻莱县'),(3239,632800,'海西蒙古族藏族自治州'),(3240,632801,'格尔木市'),(3241,632802,'德令哈市'),(3242,632821,'乌兰县'),(3243,632822,'都兰县'),(3244,632823,'天峻县'),(3245,640000,'宁夏省'),(3246,640100,'银川市'),(3247,640101,'市辖区'),(3248,640104,'兴庆区'),(3249,640105,'西夏区'),(3250,640106,'金凤区'),(3251,640121,'永宁县'),(3252,640122,'贺兰县'),(3253,640181,'灵武市'),(3254,640200,'石嘴山市'),(3255,640201,'市辖区'),(3256,640202,'大武口区'),(3257,640205,'惠农区'),(3258,640221,'平罗县'),(3259,640300,'吴忠市'),(3260,640301,'市辖区'),(3261,640302,'利通区'),(3262,640323,'盐池县'),(3263,640324,'同心县'),(3264,640381,'青铜峡市'),(3265,640400,'固原市'),(3266,640401,'市辖区'),(3267,640402,'原州区'),(3268,640422,'西吉县'),(3269,640423,'隆德县'),(3270,640424,'泾源县'),(3271,640425,'彭阳县'),(3272,640500,'中卫市'),(3273,640501,'市辖区'),(3274,640521,'中宁县'),(3275,640522,'海原县'),(3276,650000,'新疆'),(3277,650100,'乌鲁木齐市'),(3278,650101,'市辖区'),(3279,650102,'天山区'),(3280,231222,'兰西县'),(3281,231223,'青冈县'),(3282,231224,'庆安县'),(3283,231225,'明水县'),(3284,231226,'绥棱县'),(3285,231281,'安达市'),(3286,231282,'肇东市'),(3287,231283,'海伦市'),(3288,232700,'大兴安岭地区'),(3289,232701,'加格达奇区'),(3290,232702,'松岭区'),(3291,232703,'新林区'),(3292,232704,'呼中区'),(3293,232721,'呼玛县'),(3294,232722,'塔河县'),(3295,232723,'漠河县'),(3296,310000,'上海市'),(3297,310100,'市辖区'),(3298,310101,'黄浦区'),(3299,310103,'卢湾区'),(3300,310104,'徐汇区'),(3301,310105,'长宁区'),(3302,310106,'静安区'),(3303,310107,'普陀区'),(3304,310108,'闸北区'),(3305,310109,'虹口区'),(3306,310110,'杨浦区'),(3307,310112,'闵行区'),(3308,310113,'宝山区'),(3309,310114,'嘉定区'),(3310,310115,'浦东新区'),(3311,310116,'金山区'),(3312,310117,'松江区'),(3313,310118,'青浦区'),(3314,310119,'南汇区'),(3315,310120,'奉贤区'),(3316,310230,'崇明县'),(3317,320000,'江苏省'),(3318,320100,'南京市'),(3319,320101,'市辖区'),(3320,320102,'玄武区'),(3321,320103,'白下区'),(3322,320104,'秦淮区'),(3323,320105,'建邺区'),(3324,320106,'鼓楼区'),(3325,320107,'下关区'),(3326,320111,'浦口区'),(3327,320113,'栖霞区'),(3328,320114,'雨花台区'),(3329,320115,'江宁区'),(3330,320116,'六合区'),(3331,320124,'溧水县'),(3332,320125,'高淳县'),(3333,320200,'无锡市'),(3334,320201,'市辖区'),(3335,320202,'崇安区'),(3336,320203,'南长区'),(3337,320204,'北塘区'),(3338,320205,'锡山区'),(3339,320206,'惠山区'),(3340,320211,'滨湖区'),(3341,320292,'经济开发区'),(3342,320281,'江阴市'),(3343,320282,'宜兴市'),(3344,320300,'徐州市'),(3345,320301,'市辖区'),(3346,320302,'鼓楼区'),(3347,320303,'云龙区'),(3348,320304,'九里区'),(3349,320305,'贾汪区'),(3350,320311,'泉山区'),(3351,320321,'丰县'),(3352,320322,'沛县'),(3353,320323,'铜山县'),(3354,320324,'睢宁县'),(3355,320381,'新沂市'),(3356,320382,'邳州市'),(3357,320400,'常州市'),(3358,320401,'市辖区'),(3359,320402,'天宁区'),(3360,320404,'钟楼区'),(3361,320405,'戚墅堰区'),(3362,320411,'新北区'),(3363,320412,'武进区'),(3364,320481,'溧阳市'),(3365,320482,'金坛市'),(3366,320500,'苏州市'),(3367,320501,'市辖区'),(3368,320502,'沧浪区'),(3369,320503,'平江区'),(3370,320504,'金阊区'),(3371,320505,'虎丘区'),(3372,320506,'吴中区'),(3373,320507,'相城区'),(3374,320581,'常熟市'),(3375,320582,'张家港市'),(3376,320583,'昆山市'),(3377,320584,'吴江市'),(3378,320585,'太仓市'),(3379,320600,'南通市'),(3380,320601,'市辖区'),(3381,320602,'崇川区'),(3382,320611,'港闸区'),(3383,320621,'海安县'),(3384,320623,'如东县'),(3385,320681,'启东市'),(3386,320682,'如皋市'),(3387,320683,'通州市'),(3388,320684,'海门市'),(3389,320700,'连云港市'),(3390,320701,'市辖区'),(3391,320703,'连云区'),(3392,320705,'新浦区'),(3393,320706,'海州区'),(3394,320721,'赣榆县'),(3395,320722,'东海县'),(3396,320723,'灌云县'),(3397,320724,'灌南县'),(3398,320800,'淮安市'),(3399,320801,'市辖区'),(3400,320802,'清河区'),(3401,320803,'楚州区'),(3402,320804,'淮阴区'),(3403,320811,'清浦区'),(3404,320826,'涟水县'),(3405,320829,'洪泽县'),(3406,320830,'盱眙县'),(3407,320831,'金湖县'),(3408,320900,'盐城市'),(3409,320901,'市辖区'),(3410,320902,'亭湖区'),(3411,320903,'盐都区'),(3412,320921,'响水县'),(3413,320922,'滨海县'),(3414,320923,'阜宁县'),(3415,320924,'射阳县'),(3416,320925,'建湖县'),(3417,320981,'东台市'),(3418,320982,'大丰市'),(3419,321000,'扬州市'),(3420,321001,'市辖区'),(3421,321002,'广陵区'),(3422,321003,'邗江区'),(3423,321011,'郊区'),(3424,321023,'宝应县'),(3425,321081,'仪征市'),(3426,321084,'高邮市'),(3427,321088,'江都市'),(3428,321100,'镇江市'),(3429,321101,'市辖区'),(3430,321102,'京口区'),(3431,321111,'润州区'),(3432,321112,'丹徒区'),(3433,321181,'丹阳市'),(3434,321182,'扬中市'),(3435,321183,'句容市'),(3436,321200,'泰州市'),(3437,321201,'市辖区'),(3438,321202,'海陵区'),(3439,321203,'高港区'),(3440,321281,'兴化市'),(3441,321282,'靖江市'),(3442,321283,'泰兴市'),(3443,321284,'姜堰市'),(3444,321300,'宿迁市'),(3445,321301,'市辖区'),(3446,321302,'宿城区'),(3447,321311,'宿豫区'),(3448,321322,'沭阳县'),(3449,321323,'泗阳县'),(3450,321324,'泗洪县'),(3451,650103,'沙依巴克区'),(3452,650104,'新市区'),(3453,650105,'水磨沟区'),(3454,650106,'头屯河区'),(3455,650107,'达坂城区'),(3456,650108,'东山区'),(3457,650121,'乌鲁木齐县'),(3458,650200,'克拉玛依市'),(3459,650201,'市辖区'),(3460,650202,'独山子区'),(3461,650203,'克拉玛依区'),(3462,650204,'白碱滩区'),(3463,650205,'乌尔禾区'),(3464,652100,'吐鲁番地区'),(3465,652101,'吐鲁番市'),(3466,652122,'鄯善县'),(3467,652123,'托克逊县'),(3468,652200,'哈密地区'),(3469,652201,'哈密市'),(3470,652222,'巴里坤哈萨克自治县'),(3471,652223,'伊吾县'),(3472,652224,'三道岭'),(3473,652300,'昌吉回族自治州'),(3474,652301,'昌吉市'),(3475,652302,'阜康市'),(3476,652303,'米泉市'),(3477,652323,'呼图壁县'),(3478,652324,'玛纳斯县'),(3479,652325,'奇台县'),(3480,652327,'吉木萨尔县'),(3481,652328,'木垒哈萨克自治县'),(3482,652700,'博尔塔拉蒙古自治州'),(3483,652701,'博乐市'),(3484,652722,'精河县'),(3485,652723,'温泉县'),(3486,652800,'巴音郭楞蒙古自治州'),(3487,652801,'库尔勒市'),(3488,652822,'轮台县'),(3489,652823,'尉犁县'),(3490,652824,'若羌县'),(3491,652825,'且末县'),(3492,652826,'焉耆回族自治县'),(3493,652827,'和静县'),(3494,652828,'和硕县'),(3495,652829,'博湖县'),(3496,652900,'阿克苏地区'),(3497,652901,'阿克苏市'),(3498,652922,'温宿县'),(3499,652923,'库车县'),(3500,652924,'沙雅县'),(3501,652925,'新和县'),(3502,652926,'拜城县'),(3503,652927,'乌什县'),(3504,652928,'阿瓦提县'),(3505,652929,'柯坪县'),(3506,653000,'克孜勒苏柯尔克孜自治州'),(3507,653001,'阿图什市'),(3508,653022,'阿克陶县'),(3509,653023,'阿合奇县'),(3510,653024,'乌恰县'),(3511,653100,'喀什地区'),(3512,653101,'喀什市'),(3513,653121,'疏附县'),(3514,653122,'疏勒县'),(3515,653123,'英吉沙县'),(3516,653124,'泽普县'),(3517,653125,'莎车县'),(3518,653126,'叶城县'),(3519,653127,'麦盖提县'),(3520,653128,'岳普湖县'),(3521,653129,'伽师县'),(3522,653130,'巴楚县'),(3523,653131,'塔什库尔干塔吉克自治县'),(3524,653200,'和田地区'),(3525,653201,'和田市'),(3526,653221,'和田县'),(3527,653222,'墨玉县'),(3528,653223,'皮山县'),(3529,653224,'洛浦县'),(3530,653225,'策勒县'),(3531,653226,'于田县'),(3532,653227,'民丰县'),(3533,654000,'伊犁哈萨克自治州'),(3534,654002,'伊宁市'),(3535,654003,'奎屯市'),(3536,654021,'伊宁县'),(3537,654022,'察布查尔锡伯自治县'),(3538,654023,'霍城县'),(3539,654024,'巩留县'),(3540,654025,'新源县'),(3541,654026,'昭苏县'),(3542,654027,'特克斯县'),(3543,654028,'尼勒克县'),(3544,654200,'塔城地区'),(3545,654201,'塔城市'),(3546,654202,'乌苏市'),(3547,654221,'额敏县'),(3548,654223,'沙湾县'),(3549,654224,'托里县'),(3550,654225,'裕民县'),(3551,654226,'和布克赛尔蒙古自治县'),(3552,654300,'阿勒泰地区'),(3553,654301,'阿勒泰市');
/*!40000 ALTER TABLE `wb_citycode` ENABLE KEYS */;
UNLOCK TABLES;

--
-- Table structure for table `wb_comment`
--

DROP TABLE IF EXISTS `wb_comment`;
/*!40101 SET @saved_cs_client     = @@character_set_client */;
/*!40101 SET character_set_client = utf8 */;
CREATE TABLE `wb_comment` (
  `cid` int(11) NOT NULL AUTO_INCREMENT COMMENT '评论主键',
  `cContent` text NOT NULL COMMENT '评论内容',
  `cPersonId` int(11) NOT NULL COMMENT '评论人员Id',
  `cDate` varchar(60) NOT NULL COMMENT '发表评论时间',
  `cCommentId` int(11) NOT NULL COMMENT '被评论的微博Id',
  `cAssist` int(11) DEFAULT '0' COMMENT '赞的个数',
  `cAssistId` varchar(100) DEFAULT NULL COMMENT '赞的人员Id',
  `cReplyName` varchar(60) DEFAULT NULL COMMENT '回复评论人名',
  PRIMARY KEY (`cid`)
) ENGINE=MyISAM AUTO_INCREMENT=67 DEFAULT CHARSET=utf8 COMMENT='微博评论';
/*!40101 SET character_set_client = @saved_cs_client */;

--
-- Dumping data for table `wb_comment`
--

LOCK TABLES `wb_comment` WRITE;
/*!40000 ALTER TABLE `wb_comment` DISABLE KEYS */;
INSERT INTO `wb_comment` VALUES (1,'vh',6,'1480565103',161,0,'',NULL),(2,'撒旦法',1000,'1480573573',161,0,'',NULL),(3,'阿斯蒂芬',1000,'1480573585',161,0,'',NULL),(6,'测试测试。',1000,'1480573763',162,1,'6,',NULL),(7,'你好',1000,'1480575023',155,0,NULL,NULL),(8,'啊啊啊',1000,'1480575264',155,0,NULL,NULL),(9,'ft',6,'1480575509',163,0,NULL,NULL),(10,'回复<a href=\"/userCenter?id=1000\"> @ 微博小助手</a>：阿道夫',1000,'1480575544',155,0,NULL,'微博小助手'),(11,'阿斯蒂芬',1000,'1480575554',155,0,NULL,NULL),(12,'撒旦法',1000,'1480575854',164,0,NULL,NULL),(13,'哈哈',1000,'1480575992',164,0,NULL,NULL),(14,'你好',1000,'1480576115',164,0,NULL,NULL),(15,'xvx',6,'1480576362',164,0,NULL,NULL),(16,'回复<a href=\"/userCenter?id=1000\"> @ 微博小助手</a>：cvvxcv',6,'1480576368',164,0,NULL,'微博小助手'),(17,'回复<a href=\"/userCenter?id=6\"> @ Wang</a>：tty',6,'1480576557',164,0,NULL,'Wang'),(18,'回复<a href=\"/userCenter?id=6\"> @ Wang</a>：t',6,'1480576731',164,0,'','Wang'),(19,'asdf ',1002,'1480576795',164,0,NULL,NULL),(20,'回复<a href=\"/userCenter?id=1000\"> @ 微博小助手</a>：123',1002,'1480576832',164,0,NULL,'微博小助手'),(21,'回复<a href=\"/userCenter?id=1002\"> @ Wang：75</a>',6,'1480576837',164,0,NULL,'php158测试'),(22,'回复<a href=\"/userCenter?id=1000\"> @ 微博小助手</a>：男',1002,'1480576850',164,0,NULL,'微博小助手'),(23,'年后啊啊。',1002,'1480576956',165,0,NULL,NULL),(24,'回复<a href=\"/userCenter?id=6\"> @ Wang</a>：gg',6,'1480577014',163,0,NULL,'Wang'),(25,'乌鲁鲁。',1002,'1480577085',165,0,NULL,NULL),(26,'回复<a href=\"/userCenter?id=1002\"> @ php158测试</a>：哇咔咔',1002,'1480577095',165,0,NULL,'php158测试'),(27,'你好。',1002,'1480577132',166,0,NULL,NULL),(28,'回复<a href=\"/userCenter?id=1002\"> @ php158测试</a>：啦啦啦',1002,'1480577141',166,0,NULL,'php158测试'),(29,'吼吼',15,'1480577435',155,0,NULL,NULL),(30,'回复<a href=\"/userCenter?id=1002\"> @ php158测试</a>：真棒',15,'1480577489',166,1,'6,','php158测试'),(31,'2016年12月1日 19:46:03评论测试',6,'1480592767',167,0,'',NULL),(33,'你也好啊。',6,'1480593108',163,0,NULL,NULL),(34,'nice',6,'1480643370',170,0,'',NULL),(35,'哈哈哈',6,'1480657696',155,0,NULL,NULL),(36,'啦啦',6,'1480657765',170,0,NULL,NULL),(37,'不要',6,'1480657798',155,0,NULL,NULL),(38,'乌鲁鲁',6,'1480657797',173,0,NULL,NULL),(39,'你好。',6,'1480660884',175,0,NULL,NULL),(40,'回复<a href=\"/userCenter?id=6\"> @ Wang</a>：和那后。',6,'1480660903',175,0,NULL,'Wang'),(41,'灌灌灌灌',6,'1480661700',155,0,NULL,NULL),(42,'个',6,'1480661781',155,0,NULL,NULL),(43,'一i',6,'1480661788',155,0,NULL,NULL),(44,'天天',6,'1480661842',155,0,NULL,NULL),(45,'发发发',6,'1480665574',155,0,NULL,NULL),(46,'灌灌灌灌否',6,'1480665742',155,0,NULL,NULL),(47,'发发发',6,'1480665764',155,0,NULL,NULL),(48,'是是是',6,'1480665809',155,0,NULL,NULL),(49,'订单的',6,'1480665848',155,0,NULL,NULL),(50,'否发发发付付付付付付付付付付',6,'1480665905',155,0,NULL,NULL),(51,'方法',6,'1480665952',155,0,NULL,NULL),(52,'刚刚',6,'1480665999',155,0,'',NULL),(53,'是是啥订单',6,'1480667303',173,0,NULL,NULL),(54,'删除了？',6,'1480667436',190,0,NULL,NULL),(55,'怎么？',6,'1480667527',190,0,NULL,NULL),(56,'规范',6,'1480667571',190,0,NULL,NULL),(57,'吼吼',6,'1480667710',190,0,NULL,NULL),(58,'tyt',6,'1480667762',190,0,NULL,NULL),(59,'回复<a href=\"/userCenter?id=6\"> @ Wang</a>：ff',6,'1480667771',190,0,NULL,'Wang'),(60,'123123',15,'1480667782',165,0,NULL,NULL),(61,'吼吼',15,'1480667833',190,0,NULL,NULL),(62,'一起来加油',1004,'1480682719',199,0,NULL,NULL),(63,'加油，努力！！',1004,'1480687749',202,0,NULL,NULL),(64,'你好！',1007,'1480753326',191,0,NULL,NULL),(65,'乌鲁鲁',1007,'1480753361',212,0,'',NULL),(66,'评论测试',1008,'1480816353',216,0,NULL,NULL);
/*!40000 ALTER TABLE `wb_comment` ENABLE KEYS */;
UNLOCK TABLES;

--
-- Table structure for table `wb_control`
--

DROP TABLE IF EXISTS `wb_control`;
/*!40101 SET @saved_cs_client     = @@character_set_client */;
/*!40101 SET character_set_client = utf8 */;
CREATE TABLE `wb_control` (
  `onoff` int(11) NOT NULL COMMENT '网站开关',
  `title` varchar(60) NOT NULL COMMENT '网站标题',
  `logo` varchar(60) NOT NULL COMMENT '网站logo'
) ENGINE=MyISAM DEFAULT CHARSET=utf8 COMMENT='网站控制相关';
/*!40101 SET character_set_client = @saved_cs_client */;

--
-- Dumping data for table `wb_control`
--

LOCK TABLES `wb_control` WRITE;
/*!40000 ALTER TABLE `wb_control` DISABLE KEYS */;
INSERT INTO `wb_control` VALUES (0,'1','1');
/*!40000 ALTER TABLE `wb_control` ENABLE KEYS */;
UNLOCK TABLES;

--
-- Table structure for table `wb_detpersoninfo`
--

DROP TABLE IF EXISTS `wb_detpersoninfo`;
/*!40101 SET @saved_cs_client     = @@character_set_client */;
/*!40101 SET character_set_client = utf8 */;
CREATE TABLE `wb_detpersoninfo` (
  `did` int(11) NOT NULL AUTO_INCREMENT COMMENT '从表主键',
  `id` int(11) NOT NULL COMMENT '人员注册主键',
  `userPhone` varchar(60) DEFAULT NULL COMMENT '用户电话号',
  `userDesc` varchar(200) DEFAULT NULL COMMENT '用户自定义简介',
  `userQQ` int(11) DEFAULT NULL COMMENT '用户QQ',
  `userEmail` varchar(60) DEFAULT NULL COMMENT '用户邮箱',
  `userHead` varchar(200) DEFAULT NULL COMMENT '用户头像',
  `status` int(11) DEFAULT '0' COMMENT '用户状态 0:非会员 1:会员',
  `userConcern` varchar(160) DEFAULT '1000,' COMMENT '用户关注列表',
  `userFans` varchar(160) DEFAULT '1000,' COMMENT '用户粉丝',
  `userExp` int(11) DEFAULT '10' COMMENT '用户经验值',
  `userTag` text COMMENT '用户标签',
  `trueName` varchar(60) DEFAULT NULL COMMENT '真实姓名',
  PRIMARY KEY (`did`),
  UNIQUE KEY `主表主键` (`id`)
) ENGINE=MyISAM AUTO_INCREMENT=1009 DEFAULT CHARSET=utf8 COMMENT='用户详细信息表单';
/*!40101 SET character_set_client = @saved_cs_client */;

--
-- Dumping data for table `wb_detpersoninfo`
--

LOCK TABLES `wb_detpersoninfo` WRITE;
/*!40000 ALTER TABLE `wb_detpersoninfo` DISABLE KEYS */;
INSERT INTO `wb_detpersoninfo` VALUES (1,1,'15620851240','向阳处的她。',806569336,'jiabinhell@126.com','pictures/wang66/583c522252b95.jpg',0,'1000,1004,','1000,',NULL,NULL,'龙傲天'),(2,2,'156156156212','我是你的小呀小苹果~',805857995,'caiyangyang@126.com','pictures/jiabinhell/58342d4c6d9e2.jpg',1,'1000,1004,','1000,',NULL,NULL,'菜阳阳'),(3,3,'110110110','世界上有童话。',1656131,'21321@qwe','pictures/nana/5834347f73559.jpg',0,'1000,1004,','1000,',NULL,NULL,'南宫霸道'),(4,4,'15612314412','汪？',12312312,'jiabinhell@126.com','pictures/caiyang/58343897ef984.jpg',1,'1000,1004,','1000,15,',NULL,NULL,'蔡晨阳'),(5,5,'123123123123','我喵一声，你敢答应么？',456456,'456@213','pictures/jia123/583435479cf2a.jpg',0,'1000,6,1004,','1000,6,15,',NULL,NULL,'呜哈哈'),(6,6,'13796012312','思念如马，自别离，未停蹄。',806569336,'jiabinhell@126.com','pictures/nightstarw/5834f6dd3e2f3.jpg',0,'1000,5,1004,','1000,5,',NULL,NULL,'不知道'),(7,7,'234234','做自己就好！',234234,'2342@123','pictures/nana123/583579be73fd8.jpg',0,'1000,1004,','1000,',NULL,NULL,'阿斯蒂芬'),(15,15,'123123','我是管理员',123123,'123@123.com','pictures/admin123/583f74989edf8.jpg',NULL,'1000,1001,1002,5,4,','1000,',NULL,NULL,'管理员'),(1001,1001,NULL,NULL,NULL,NULL,'pictures/caichenyang123/583fbcf1f17b0.jpg',0,'1000,1004,','1000,15,',10,NULL,NULL),(1000,1000,'010-111111','微博小助手。',11111,'111@126.com','pictures/superAdmin/583f90b399631.jpg',0,'1004,','',10,NULL,'微博君'),(1002,1002,NULL,NULL,NULL,NULL,'pictures/php158/583fcfde6bf4f.jpg',0,'1000,1004,','1000,15,1004,',10,NULL,NULL),(1003,1003,NULL,NULL,NULL,NULL,NULL,0,'1000,1004,','1000,',10,NULL,NULL),(1004,1004,NULL,NULL,NULL,NULL,'pictures/zhangyixing/5841500a5b42b.jpg',0,'1003,1005,1002,','1000,1,2,3,4,5,6,7,15,1001,1002,1003,1006,1005,1007,',10,NULL,NULL),(1005,1005,NULL,NULL,NULL,NULL,'pictures/dianying/58417738c3980.jpg',0,'1000,1006,1004,','1000,',10,NULL,NULL),(1006,1006,NULL,NULL,NULL,NULL,'pictures/maomi/58417d06cd9a5.jpg',0,'1000,1004,','1000,',10,NULL,NULL),(1007,1007,'123123','呼呼。',0,'234@12','pictures/wang66/584279d484031.jpg',0,'1000,1004,','1000,',10,NULL,'测试测试'),(1008,1008,'123123','今天天气非常厚爱',12312,'123@123','pictures/conghaohao/584376756bfa8.jpg',0,'1000,','1000,',10,NULL,'随便');
/*!40000 ALTER TABLE `wb_detpersoninfo` ENABLE KEYS */;
UNLOCK TABLES;

--
-- Table structure for table `wb_message`
--

DROP TABLE IF EXISTS `wb_message`;
/*!40101 SET @saved_cs_client     = @@character_set_client */;
/*!40101 SET character_set_client = utf8 */;
CREATE TABLE `wb_message` (
  `mid` int(11) NOT NULL AUTO_INCREMENT COMMENT '私信id',
  `mContent` text NOT NULL COMMENT '私信内容',
  `mDate` varchar(60) NOT NULL COMMENT '私信时间',
  `mPersonId` int(11) NOT NULL COMMENT '私信人员的Id',
  `mToPersonId` int(11) NOT NULL COMMENT '被私信的人员Id',
  `status` int(11) NOT NULL COMMENT '状态，是否被阅读0:未阅读；1：以阅读',
  PRIMARY KEY (`mid`)
) ENGINE=MyISAM AUTO_INCREMENT=88 DEFAULT CHARSET=utf8 COMMENT='微博私信';
/*!40101 SET character_set_client = @saved_cs_client */;

--
-- Dumping data for table `wb_message`
--

LOCK TABLES `wb_message` WRITE;
/*!40000 ALTER TABLE `wb_message` DISABLE KEYS */;
INSERT INTO `wb_message` VALUES (1,'123','1480336991',1,2,1),(2,'123','1480336993',1,2,1),(3,'123','1480336993',1,2,1),(4,'123','1480336994',1,2,1),(5,'123','1480336995',1,2,1),(6,'123','1480336995',1,2,1),(7,'123','1480336998',1,2,1),(8,'估计','1480337065',1,3,1),(9,'环境','1480337067',1,3,1),(10,'估计会','1480337068',1,3,1),(11,'非常好','1480337069',1,3,1),(12,'过程','1480337072',1,3,1),(13,'阿斯蒂芬','1480337148',1,3,1),(14,'阿斯蒂芬','1480337162',1,3,1),(15,'撒旦飞洒地方','1480337177',1,2,1),(16,'阿斯蒂芬','1480337184',1,2,1),(17,'阿士大夫撒地方','1480337275',1,3,1),(18,'乌拉拉','1480337481',1,2,1),(19,'阿斯蒂芬','1480337500',1,2,1),(20,'呐呐','1480337526',3,1,1),(21,'asdf','1480338175',1,3,1),(22,'asdf','1480338215',1,3,1),(23,'ui ','1480338372',1,3,1),(24,'你好啊。','1480339389',1,3,1),(25,'啦啦。','1480339417',1,3,1),(26,'吼吼。','1480339475',1,3,1),(27,'挖不服。','1480339515',1,3,1),(28,'123','1480339543',1,3,1),(29,'手动阀','1480339584',1,3,1),(30,'阿斯蒂芬','1480339653',1,3,1),(31,'去去去','1480339684',1,3,1),(32,'拉拉阿拉','1480339812',1,3,1),(33,'无路了','1480339849',1,3,1),(34,'引入','1480341035',1,3,1),(35,' 一天','1480341168',1,3,1),(36,'更好哥哥','1480341702',1,3,1),(37,'asdf ','1480342023',1,3,1),(38,'ghoi \\\\','1480342027',1,3,1),(39,'fgy ','1480342276',3,1,1),(40,'hi~','1480343998',3,1,1),(41,'你好','1480344009',1,3,1),(42,'你也好','1480344017',3,1,1),(43,'怎么办','1480344028',1,3,1),(44,'一天梵蒂冈','1480345341',1,3,1),(45,'fgh ','1480345679',1,3,1),(46,'ththth','1480345693',1,3,1),(47,'sdft ','1480345792',1,3,1),(48,'hah ','1480345794',3,1,1),(49,'fdjsklf ','1480345798',1,3,1),(50,'你好啊','1480345797',3,1,1),(51,'nihao ','1480345802',1,3,1),(52,'好开心','1480345806',3,1,1),(53,'dg ','1480345862',1,3,1),(54,'nihao','1480405113',1,3,1),(55,'nihao a ','1480405110',3,1,1),(56,'我很难过','1480405194',3,1,1),(57,'haoba ','1480405214',1,3,1),(58,'我看到了。','1480405216',3,1,1),(59,'那就从新改把。','1480405226',3,1,1),(60,'乌鲁鲁','1480405795',3,1,1),(61,'什么？','1480405828',3,1,1),(62,'你好','1480405912',3,1,1),(63,'hai','1480407859',1,3,1),(64,'你好','1480676417',1004,1000,1),(65,'ff ','1480676926',6,5,1),(66,'rtre','1480676968',5,6,1),(67,'dfgdfgsddgdf','1480676974',6,5,1),(68,'dfds','1480676972',5,6,1),(69,'dgdfg ','1480676977',6,5,1),(70,'gfdgdfgdsgfds','1480676978',6,5,1),(71,'fdgsdg','1480676980',6,5,1),(72,'fgdfgfd','1480676995',6,5,1),(73,'是多少','1480676993',5,6,1),(74,'sfdgsdfg','1480676997',6,5,1),(75,'哈喽','1480677006',6,5,1),(76,'嗯嗯','1480677004',5,6,1),(77,'还','1480677012',6,5,1),(78,'还好','1480677015',6,5,1),(79,'你在干嘛','1480677012',5,6,1),(80,'你呢','1480677021',6,5,1),(81,'我准备看电视','1480677026',6,5,1),(82,'和你聊天啊‘','1480677025',5,6,1),(83,'啊哈','1480677034',6,5,1),(84,'别了 聊一会吧a','1480677034',5,6,1),(85,'好吧','1480677044',6,5,1),(86,'嘿嘿','1480677042',5,6,1),(87,'哈哈哈','1480677051',6,5,1);
/*!40000 ALTER TABLE `wb_message` ENABLE KEYS */;
UNLOCK TABLES;

--
-- Temporary view structure for view `wb_person`
--

DROP TABLE IF EXISTS `wb_person`;
/*!50001 DROP VIEW IF EXISTS `wb_person`*/;
SET @saved_cs_client     = @@character_set_client;
SET character_set_client = utf8;
/*!50001 CREATE VIEW `wb_person` AS SELECT 
 1 AS `id`,
 1 AS `petName`,
 1 AS `userAccount`,
 1 AS `userBirth`,
 1 AS `userCity`,
 1 AS `userPassword`,
 1 AS `userProvince`,
 1 AS `userRegDate`,
 1 AS `userSex`,
 1 AS `did`,
 1 AS `status`,
 1 AS `trueName`,
 1 AS `userConcern`,
 1 AS `userDesc`,
 1 AS `userEmail`,
 1 AS `userExp`,
 1 AS `userFans`,
 1 AS `userHead`,
 1 AS `userPhone`,
 1 AS `userQQ`,
 1 AS `userTag`,
 1 AS `pName`,
 1 AS `cName`*/;
SET character_set_client = @saved_cs_client;

--
-- Table structure for table `wb_power`
--

DROP TABLE IF EXISTS `wb_power`;
/*!40101 SET @saved_cs_client     = @@character_set_client */;
/*!40101 SET character_set_client = utf8 */;
CREATE TABLE `wb_power` (
  `pid` int(11) NOT NULL AUTO_INCREMENT COMMENT '权限主键',
  `pname` varchar(60) NOT NULL COMMENT '权限名称',
  `purl` varchar(120) CHARACTER SET utf8mb4 NOT NULL COMMENT '全县地址',
  PRIMARY KEY (`pid`)
) ENGINE=MyISAM AUTO_INCREMENT=15 DEFAULT CHARSET=utf8 COMMENT='权限表';
/*!40101 SET character_set_client = @saved_cs_client */;

--
-- Dumping data for table `wb_power`
--

LOCK TABLES `wb_power` WRITE;
/*!40000 ALTER TABLE `wb_power` DISABLE KEYS */;
INSERT INTO `wb_power` VALUES (1,'添加用户','admin/user/add'),(2,'用户删除操作','admin/user/delete'),(3,'更新用户操作','admin/user/update'),(4,'查找用户操作','admin/user/find'),(5,'评论查询操作','admin/comment/search'),(6,'搜索历史权限','admin/search/search'),(7,'微博搜索权限','admin/weibo/search'),(10,'用户查看','admin/user/index'),(11,'用户查询','admin/user/search'),(12,'网站配置','status'),(13,'网站开关','status/onoff'),(14,'测','、说的分手的');
/*!40000 ALTER TABLE `wb_power` ENABLE KEYS */;
UNLOCK TABLES;

--
-- Table structure for table `wb_regpersoninfo`
--

DROP TABLE IF EXISTS `wb_regpersoninfo`;
/*!40101 SET @saved_cs_client     = @@character_set_client */;
/*!40101 SET character_set_client = utf8 */;
CREATE TABLE `wb_regpersoninfo` (
  `id` int(11) NOT NULL AUTO_INCREMENT COMMENT '主键',
  `userAccount` varchar(60) NOT NULL COMMENT '登录账号',
  `userPassword` varchar(60) NOT NULL COMMENT '登录密码（md5）',
  `petName` varchar(60) NOT NULL COMMENT '昵称',
  `userSex` tinyint(4) NOT NULL COMMENT '用户性别',
  `userProvince` int(11) NOT NULL COMMENT '用户所在省',
  `userCity` int(11) NOT NULL COMMENT '用户所在市',
  `userBirth` varchar(60) NOT NULL COMMENT '用户出生日期',
  `userRegDate` varchar(60) NOT NULL COMMENT '用户注册时间',
  PRIMARY KEY (`id`),
  UNIQUE KEY `登录账号` (`userAccount`),
  UNIQUE KEY `昵称` (`petName`)
) ENGINE=MyISAM AUTO_INCREMENT=1009 DEFAULT CHARSET=utf8;
/*!40101 SET character_set_client = @saved_cs_client */;

--
-- Dumping data for table `wb_regpersoninfo`
--

LOCK TABLES `wb_regpersoninfo` WRITE;
/*!40000 ALTER TABLE `wb_regpersoninfo` DISABLE KEYS */;
INSERT INTO `wb_regpersoninfo` VALUES (1006,'maomi','4297f44b13955235245b2497399d7a93','大喵猫',0,440000,440100,'2016-12-05','1480686375'),(1005,'dianying','4297f44b13955235245b2497399d7a93','深扒电影圈',0,110000,110100,'1987-12-22','1480685261'),(1004,'zhangyixing','4297f44b13955235245b2497399d7a93','努力努力再努力x',0,430000,430100,'1991-10-07','1480675027'),(4,'caiyang','4297f44b13955235245b2497399d7a93','我是你的小阳阳',1,120000,120100,'1999-12-31','1479435911'),(5,'jia123','4297f44b13955235245b2497399d7a93','喵翔天',1,110000,110100,'2016-11-01','1479816396'),(6,'nightstarw','4297f44b13955235245b2497399d7a93','Wang',0,230000,230100,'2016-01-01','1479864028'),(7,'cai66','4297f44b13955235245b2497399d7a93','蔡',0,230000,230200,'2015-01-01','1479864028'),(1000,'superAdmin','4297f44b13955235245b2497399d7a93','微博小助手',0,110000,110100,'2016-01-01','1480559331'),(1001,'caichenyang','4297f44b13955235245b2497399d7a93','菜菜阳',0,510000,510500,'2016-12-01','1480572111'),(1002,'php158','4297f44b13955235245b2497399d7a93','php158测试',0,510000,510500,'2016-12-12','1480572366'),(12,'nana123','4297f44b13955235245b2497399d7a93','你微笑的眼睛',1,140000,140100,'2016-11-04','1479899455'),(1003,'nananana','4297f44b13955235245b2497399d7a93','神一样的少年',1,220000,220500,'2011-01-01','1480594386'),(15,'admin123','4297f44b13955235245b2497399d7a93','管理员',0,420000,420300,'2000-01-01','1480379007'),(1007,'wang66','4297f44b13955235245b2497399d7a93','你好啊',0,220000,220300,'2016-12-07','1480751462'),(1008,'conghaohao','133ff1e10a8b244767ef734fb86f37fd','管理员158',0,230000,230100,'2016-12-23','1480816123');
/*!40000 ALTER TABLE `wb_regpersoninfo` ENABLE KEYS */;
UNLOCK TABLES;

--
-- Table structure for table `wb_role`
--

DROP TABLE IF EXISTS `wb_role`;
/*!40101 SET @saved_cs_client     = @@character_set_client */;
/*!40101 SET character_set_client = utf8 */;
CREATE TABLE `wb_role` (
  `rid` int(11) NOT NULL AUTO_INCREMENT COMMENT '主键',
  `rname` varchar(60) NOT NULL COMMENT '角色名称',
  `pids` varchar(120) NOT NULL COMMENT '角色权限',
  PRIMARY KEY (`rid`)
) ENGINE=MyISAM AUTO_INCREMENT=8 DEFAULT CHARSET=utf8 COMMENT='角色表';
/*!40101 SET character_set_client = @saved_cs_client */;

--
-- Dumping data for table `wb_role`
--

LOCK TABLES `wb_role` WRITE;
/*!40000 ALTER TABLE `wb_role` DISABLE KEYS */;
INSERT INTO `wb_role` VALUES (1,'超级管理员','1,2,3,4,5,6,7,10,11,12,13,14'),(2,'人员管理','1,2,3,4,10'),(3,'评论管理','5'),(4,'搜索信息管理','6'),(5,'微博信息管理','7'),(7,'测试','2,3,4,5');
/*!40000 ALTER TABLE `wb_role` ENABLE KEYS */;
UNLOCK TABLES;

--
-- Table structure for table `wb_searchhistory`
--

DROP TABLE IF EXISTS `wb_searchhistory`;
/*!40101 SET @saved_cs_client     = @@character_set_client */;
/*!40101 SET character_set_client = utf8 */;
CREATE TABLE `wb_searchhistory` (
  `id` int(11) NOT NULL AUTO_INCREMENT,
  `info` varchar(60) NOT NULL COMMENT '搜索内容',
  `pId` int(11) NOT NULL COMMENT '搜索人员id',
  `date` int(11) NOT NULL COMMENT '搜索时间',
  PRIMARY KEY (`id`)
) ENGINE=MyISAM AUTO_INCREMENT=39 DEFAULT CHARSET=utf8 COMMENT='用户搜索历史记录表单';
/*!40101 SET character_set_client = @saved_cs_client */;

--
-- Dumping data for table `wb_searchhistory`
--

LOCK TABLES `wb_searchhistory` WRITE;
/*!40000 ALTER TABLE `wb_searchhistory` DISABLE KEYS */;
INSERT INTO `wb_searchhistory` VALUES (18,'可爱',2,1479741848),(17,'',2,1479741831),(16,'天',2,1479738379),(15,'样',2,1479735641),(19,'好',2,1479742102),(25,'是否',4,1479817791),(24,'哇哈哈as',3,1479816169),(22,'法国',2,1479787263),(23,'阳',2,1479787283),(26,'复合',12,1479899498),(27,'复合阿斯蒂芬',12,1479899503),(28,'傲天',12,1479899513),(29,'啦啦',3,1480299209),(30,'g',3,1480311991),(31,'234',1,1480398499),(32,'关于',1,1480398544),(33,'你的名字',6,1480431356),(34,'y',6,1480485203),(35,'努力努力',15,1480676243),(36,'努力努力再努力',15,1480676271),(37,'哈哈',15,1480676279),(38,'你好啊',1004,1480816535);
/*!40000 ALTER TABLE `wb_searchhistory` ENABLE KEYS */;
UNLOCK TABLES;

--
-- Table structure for table `wb_weibo`
--

DROP TABLE IF EXISTS `wb_weibo`;
/*!40101 SET @saved_cs_client     = @@character_set_client */;
/*!40101 SET character_set_client = utf8 */;
CREATE TABLE `wb_weibo` (
  `wid` int(11) NOT NULL AUTO_INCREMENT COMMENT '主键',
  `wContent` text NOT NULL COMMENT '微博内容',
  `wType` varchar(11) NOT NULL COMMENT '微博类型 s1:所有人；s2：好友圈；s3：仅自己可见',
  `wDate` varchar(60) NOT NULL COMMENT '微博发布时间',
  `wPersonId` int(11) NOT NULL COMMENT '发布人员Id',
  `wAssist` int(11) DEFAULT '0' COMMENT '微博赞的个数',
  `wAssistPersonId` text COMMENT '赞的人员ID',
  `wRepost` int(11) DEFAULT '0' COMMENT '微博转发的个数',
  `wConNum` int(11) DEFAULT '0' COMMENT '微博评论的个数',
  `wPic` text COMMENT '微博发布的图片，二维数组',
  `wRead` int(11) DEFAULT '0' COMMENT '微博的阅读数',
  `wRepostId` int(11) DEFAULT NULL COMMENT '原博主Id',
  `deleted` int(11) DEFAULT '0' COMMENT '判断是否删除标志位',
  `top` int(11) NOT NULL DEFAULT '0' COMMENT '置顶',
  PRIMARY KEY (`wid`)
) ENGINE=MyISAM AUTO_INCREMENT=217 DEFAULT CHARSET=utf8 COMMENT='所有发布的微博信息';
/*!40101 SET character_set_client = @saved_cs_client */;

--
-- Dumping data for table `wb_weibo`
--

LOCK TABLES `wb_weibo` WRITE;
/*!40000 ALTER TABLE `wb_weibo` DISABLE KEYS */;
INSERT INTO `wb_weibo` VALUES (198,'答应请你们吃 说话算话 8.18上海见​ ','s1','1480680685',1004,1,'1004,',0,0,'pictures/content//584168d531eae.jpg',0,NULL,0,0),(199,'​​​​​​​​​​​​​​​​​​​​​​虽然 拍摄现场 已经非常热  但看到中国体育健儿 在奥运赛场上#步步夺金# 依然 抑制不住的感到 热血沸腾！加油！','s1','1480671879',1004,1,'1004,',1,1,'pictures/content//5841699777c4f.jpg',0,NULL,0,0),(195,'​​​​​​​​​​​​​​​​​​​​​​无奖竞猜 这是在干嘛','s1','1470680340',1004,1,'1004,',0,0,'pictures/content//5841677c5ac1b.jpg',0,NULL,0,0),(194,'​​​​​​​​​​​​​​​​​​​​​​4小时后 跟我一起 lose control​ ','s1','1480678662',1004,1,'1004,',0,0,'pictures/content//58415d0609693.jpg',0,NULL,0,0),(192,'hello 呐呐\r\n','s1','1480676903',5,0,NULL,0,0,NULL,0,NULL,0,0),(193,'​​​​​​​​​​​​​​​​​​​​​​期待在北京跟大家见面 很快了哦​  ','s1','1480078191',1004,1,'1004,',0,0,'pictures/content//58415b2f71cb6.jpg',0,NULL,0,0),(191,'你好 我来了','s2','1480676452',1000,0,'',0,1,NULL,0,NULL,0,0),(190,'刚刚','s1','1480665999',6,0,NULL,0,7,NULL,0,155,0,0),(189,'方法','s1','1480665952',6,0,NULL,0,0,NULL,0,155,0,0),(188,'否发发发付付付付付付付付付付','s1','1480665905',6,0,NULL,0,0,NULL,0,155,0,0),(187,'订单的','s1','1480665848',6,0,NULL,0,0,NULL,0,155,0,0),(186,'是是是','s1','1480665809',6,0,NULL,0,0,NULL,0,155,0,0),(185,'发发发','s1','1480665764',6,0,NULL,0,0,NULL,0,155,0,0),(184,'灌灌灌灌否','s1','1480665742',6,0,NULL,0,0,NULL,0,155,0,0),(183,'发发发','s1','1480665574',6,0,NULL,0,0,NULL,0,155,0,0),(182,'吼吼吼','s1','1480661912',6,0,NULL,0,0,NULL,0,170,0,0),(181,'你好啊、','s1','1480661903',6,0,NULL,0,0,NULL,0,170,0,0),(180,'撒旦法','s1','1480661877',6,0,NULL,0,0,NULL,0,170,0,0),(179,'天天','s1','1480661842',6,0,NULL,0,0,NULL,0,155,0,0),(178,'一i','s1','1480661788',6,0,NULL,0,0,NULL,0,155,0,0),(177,'个','s1','1480661781',6,0,NULL,0,0,NULL,0,155,0,0),(176,'灌灌灌灌','s1','1480661700',6,0,NULL,0,0,NULL,0,155,0,0),(175,'乌鲁鲁','s1','1480657797',6,0,NULL,0,2,NULL,0,173,0,0),(174,'不要','s1','1480657798',6,0,'',0,0,NULL,0,155,0,0),(170,'asdf','s2','1480641746',6,0,'',3,2,NULL,0,NULL,0,0),(171,'仅自己可见的微博。','s3','1480641826',6,0,'',0,0,NULL,0,NULL,0,0),(172,'哈哈哈','s1','1480657696',6,0,NULL,0,0,NULL,0,155,0,0),(173,'啦啦','s1','1480657765',6,0,NULL,0,2,NULL,0,170,0,0),(169,'你也好啊。','s1','1480593108',6,0,NULL,0,0,NULL,0,163,0,0),(168,'可用么？','s1','1480592783',6,0,NULL,0,0,NULL,0,167,0,0),(167,'ss','s1','1480578380',6,0,'',0,1,NULL,0,164,0,0),(166,'转发测试','s1','1480577111',1002,0,NULL,0,3,NULL,0,155,0,0),(165,'发布一条测试','s1','1480576946',1002,0,NULL,0,4,NULL,0,NULL,0,0),(164,'hhhh','s1','1480574336',6,1,'6,',1,11,NULL,0,NULL,0,0),(155,'微博小助手祝您生活愉快~快来发布您的微博吧。','s1','1480559457',1000,0,'',13,16,NULL,0,NULL,0,0),(162,'好的！','s1','1480571225',5,0,NULL,0,1,NULL,0,155,0,0),(163,'nihao','s1','1480574281',6,0,NULL,1,3,NULL,0,NULL,0,0),(161,'我想看看能不能发布','s1','1480564445',6,0,'',0,3,NULL,0,NULL,0,0),(197,'亲爱的 黄渤哥 生日快乐 谢谢你对我的关心 照顾 原谅我发晚了  祝你天天开心 ','s1','1480111595',1004,1,'1004,',0,0,'pictures/content//5841687b92cf9.jpg',0,NULL,0,0),(200,'一起来加油','s1','1480682719',1004,1,'1004,',0,0,NULL,0,199,0,0),(202,'电影《功夫瑜伽》最新发布的海报中，六位主演纷纷秀起了瑜伽基本功，在全世界的不同场景下一字马。据说，为了营造全世界冒险的真实氛围，剧组远赴冰岛、迪拜、印度多国取景，成龙大哥果然会打又会玩。','s1','1471276345',1005,1,'1004,',1,1,'pictures/content//584177212ca11.jpg',0,NULL,0,0),(203,'转此孔雀锦鲤，十二月份心想事成，好运连连！','s1','1480484413',1005,1,'1004,',0,0,'pictures/content//584177651817e.jpg',0,NULL,0,0),(204,'《神奇动物在哪里》嗅嗅简直可爱到爆炸啊！！三刷还是看不够，全片最萌点，好想养一只！！','s1','1480175483',1005,1,'1004,',0,0,'pictures/content//584177ab7da99.jpg',0,NULL,0,0),(205,'郭敬明否认移情汪铎，简直就是间接告白陈学冬啊','s1','1480685664',1005,1,'1004,',0,0,'pictures/content//58417860007f5.jpg',0,NULL,0,0),(206,'【你家宠物最喜欢的玩具是？】哈哈哈心疼那些说我的人','s1','1480586429',1006,0,NULL,0,0,'pictures/content//58417b5d9bb84.jpg',0,NULL,0,0),(207,'这只名叫Omame的短腿猫，它喜欢趴着头睡觉，远远看去就像做错事在道歉一样，起来吧！我原谅你了！ ','s1','1475686520',1006,0,NULL,0,0,NULL,0,NULL,0,0),(208,'普京家的猫咪，这眼睛：不能让他们发现是我在控制这个人类','s1','1480686724',1006,0,NULL,0,0,'pictures/content//58417c8438ce6.jpg',0,NULL,0,0),(209,'这天...真他喵的冷啊','s1','1470681755',1006,0,NULL,0,0,'pictures/content//58417ca351a79.jpg',0,NULL,0,0),(210,'人类，你需要力量吗？ ','s1','1480676810',1006,0,NULL,0,0,'pictures/content//58417cda9225a.jpg',0,NULL,0,0),(211,'坚持运动 也可以增强抗寒能力 不一定非得穿秋裤 你们说对吧 ','s1','1480687690',1004,1,'1004,',0,0,'pictures/content//5841804a3d04b.jpg',0,NULL,0,0),(212,'加油，努力！！','s1','1480687749',1004,1,'1006,',0,1,NULL,0,202,0,0),(213,'微博，你好。','s1','1480751480',1007,0,'',0,0,NULL,0,155,0,0),(214,'发布微博测试。','s1','1480816267',1008,0,NULL,1,0,NULL,0,NULL,0,0),(215,'你好啊','s1','1480816283',1008,1,'1008,',0,0,'pictures/content//5843769b416c8.jpg',0,NULL,0,0),(216,'转发微博','s1','1480816338',1008,1,'1008,',0,1,NULL,0,214,0,0);
/*!40000 ALTER TABLE `wb_weibo` ENABLE KEYS */;
UNLOCK TABLES;

--
-- Final view structure for view `wb_person`
--

/*!50001 DROP VIEW IF EXISTS `wb_person`*/;
/*!50001 SET @saved_cs_client          = @@character_set_client */;
/*!50001 SET @saved_cs_results         = @@character_set_results */;
/*!50001 SET @saved_col_connection     = @@collation_connection */;
/*!50001 SET character_set_client      = utf8 */;
/*!50001 SET character_set_results     = utf8 */;
/*!50001 SET collation_connection      = utf8_general_ci */;
/*!50001 CREATE ALGORITHM=UNDEFINED */
/*!50013 DEFINER=`root`@`localhost` SQL SECURITY DEFINER */
/*!50001 VIEW `wb_person` AS select `a`.`id` AS `id`,`a`.`petName` AS `petName`,`a`.`userAccount` AS `userAccount`,`a`.`userBirth` AS `userBirth`,`a`.`userCity` AS `userCity`,`a`.`userPassword` AS `userPassword`,`a`.`userProvince` AS `userProvince`,`a`.`userRegDate` AS `userRegDate`,`a`.`userSex` AS `userSex`,`b`.`did` AS `did`,`b`.`status` AS `status`,`b`.`trueName` AS `trueName`,`b`.`userConcern` AS `userConcern`,`b`.`userDesc` AS `userDesc`,`b`.`userEmail` AS `userEmail`,`b`.`userExp` AS `userExp`,`b`.`userFans` AS `userFans`,`b`.`userHead` AS `userHead`,`b`.`userPhone` AS `userPhone`,`b`.`userQQ` AS `userQQ`,`b`.`userTag` AS `userTag`,(select `c`.`name` from `wb_citycode` `c` where (`c`.`code` = `a`.`userProvince`)) AS `pName`,(select `c`.`name` from `wb_citycode` `c` where (`c`.`code` = `a`.`userCity`)) AS `cName` from (`wb_regpersoninfo` `a` join `wb_detpersoninfo` `b`) where (`a`.`id` = `b`.`id`) */;
/*!50001 SET character_set_client      = @saved_cs_client */;
/*!50001 SET character_set_results     = @saved_cs_results */;
/*!50001 SET collation_connection      = @saved_col_connection */;
/*!40103 SET TIME_ZONE=@OLD_TIME_ZONE */;

/*!40101 SET SQL_MODE=@OLD_SQL_MODE */;
/*!40014 SET FOREIGN_KEY_CHECKS=@OLD_FOREIGN_KEY_CHECKS */;
/*!40014 SET UNIQUE_CHECKS=@OLD_UNIQUE_CHECKS */;
/*!40101 SET CHARACTER_SET_CLIENT=@OLD_CHARACTER_SET_CLIENT */;
/*!40101 SET CHARACTER_SET_RESULTS=@OLD_CHARACTER_SET_RESULTS */;
/*!40101 SET COLLATION_CONNECTION=@OLD_COLLATION_CONNECTION */;
/*!40111 SET SQL_NOTES=@OLD_SQL_NOTES */;

-- Dump completed on 2016-12-05 10:49:18
